Order,Publish Date,Status,Blog Title,URL Slug,Primary Keyword,Secondary Keywords,SEO Title,Meta Description,Category,Markdown File,HTML File,Internal Link Notes
1,2026-06-24,Scheduled,How to Create Custom Advent Calendar Boxes for Your Brand,/blog/how-to-create-custom-advent-calendar-boxes,custom advent calendar boxes,"custom advent calendar packaging, advent calendar box manufacturer, advent calendar boxes wholesale, rigid advent calendar packaging, holiday gift set packaging",Custom Advent Calendar Boxes for Brands | ShineleeBox,"Learn how brands can use custom advent calendar boxes for beauty, perfume, skincare, chocolate and gift set campaigns, with custom structures, inserts, finishing and factory support.",Advent Calendar Packaging,Blog_Articles_MD/01_how-to-create-custom-advent-calendar-boxes.md,Blog_Articles_HTML/01_how-to-create-custom-advent-calendar-boxes.html,Link to Advent Calendar Boxes + Contact page
2,2026-06-27,Scheduled,"Custom Advent Calendar Packaging: A Complete Guide for Beauty, Perfume and Chocolate Brands",/blog/custom-advent-calendar-packaging-guide,custom advent calendar packaging,"custom advent calendar packaging, advent calendar box manufacturer, advent calendar boxes wholesale, rigid advent calendar packaging, holiday gift set packaging",Custom Advent Calendar Packaging Guide | ShineleeBox,"Learn how brands can use custom advent calendar packaging for beauty, perfume, skincare, chocolate and gift set campaigns, with custom structures, inserts, finishing and factory support.",Advent Calendar Packaging,Blog_Articles_MD/02_custom-advent-calendar-packaging-guide.md,Blog_Articles_HTML/02_custom-advent-calendar-packaging-guide.html,Link to Advent Calendar Boxes + Contact page
3,2026-07-01,Scheduled,Advent Calendar Box Manufacturer: What Brands Should Check Before Ordering,/blog/advent-calendar-box-manufacturer-checklist,advent calendar box manufacturer,"custom advent calendar packaging, advent calendar box manufacturer, advent calendar boxes wholesale, rigid advent calendar packaging, holiday gift set packaging",Advent Calendar Box Manufacturer Checklist | ShineleeBox,"A practical checklist for choosing an advent calendar box manufacturer for custom rigid packaging, inserts, sampling, finishing and bulk production.",Advent Calendar Packaging,Blog_Articles_MD/03_advent-calendar-box-manufacturer-checklist.md,Blog_Articles_HTML/03_advent-calendar-box-manufacturer-checklist.html,Link to Advent Calendar Boxes + Contact page
4,2026-07-04,Scheduled,How Much Does a Custom Advent Calendar Box Cost?,/blog/custom-advent-calendar-box-cost,custom advent calendar box cost,"custom advent calendar packaging, advent calendar box manufacturer, advent calendar boxes wholesale, rigid advent calendar packaging, holiday gift set packaging",Custom Advent Calendar Box Cost Guide | ShineleeBox,"Learn what affects custom advent calendar box cost, including size, structure, inserts, materials, finishing, MOQ, sampling and shipping volume for brand projects.",Advent Calendar Packaging,Blog_Articles_MD/04_custom-advent-calendar-box-cost.md,Blog_Articles_HTML/04_custom-advent-calendar-box-cost.html,Link to Advent Calendar Boxes + Contact page
5,2026-07-08,Scheduled,"12-Day, 24-Day, 25-Day or 30-Day Advent Calendar Box: Which Is Best for Your Gift Set?",/blog/12-24-25-30-day-advent-calendar-box,24 day advent calendar box,"custom advent calendar packaging, advent calendar box manufacturer, advent calendar boxes wholesale, rigid advent calendar packaging, holiday gift set packaging","12, 24, 25 or 30 Day Advent Calendar Box | ShineleeBox","Learn how brands can use 24 day advent calendar box for beauty, perfume, skincare, chocolate and gift set campaigns, with custom structures, inserts, finishing and factory support.",Advent Calendar Packaging,Blog_Articles_MD/05_12-24-25-30-day-advent-calendar-box.md,Blog_Articles_HTML/05_12-24-25-30-day-advent-calendar-box.html,Link to Advent Calendar Boxes + Contact page
6,2026-07-11,Scheduled,Custom Beauty Advent Calendar Boxes for Holiday Gift Sets,/blog/custom-beauty-advent-calendar-boxes,beauty advent calendar boxes,"custom advent calendar packaging, advent calendar box manufacturer, advent calendar boxes wholesale, rigid advent calendar packaging, holiday gift set packaging",Custom Beauty Advent Calendar Boxes | ShineleeBox,"Learn how brands can use beauty advent calendar boxes for beauty, perfume, skincare, chocolate and gift set campaigns, with custom structures, inserts, finishing and factory support.",Advent Calendar Packaging,Blog_Articles_MD/06_custom-beauty-advent-calendar-boxes.md,Blog_Articles_HTML/06_custom-beauty-advent-calendar-boxes.html,Link to Advent Calendar Boxes + Contact page
7,2026-07-15,Scheduled,Custom Perfume Advent Calendar Boxes for Fragrance Discovery Sets,/blog/custom-perfume-advent-calendar-boxes,perfume advent calendar box,"custom advent calendar packaging, advent calendar box manufacturer, advent calendar boxes wholesale, rigid advent calendar packaging, holiday gift set packaging",Custom Perfume Advent Calendar Boxes | ShineleeBox,"Learn how brands can use perfume advent calendar box for beauty, perfume, skincare, chocolate and gift set campaigns, with custom structures, inserts, finishing and factory support.",Advent Calendar Packaging,Blog_Articles_MD/07_custom-perfume-advent-calendar-boxes.md,Blog_Articles_HTML/07_custom-perfume-advent-calendar-boxes.html,Link to Advent Calendar Boxes + Contact page
8,2026-07-18,Scheduled,Custom Skincare Advent Calendar Packaging for Product Launches,/blog/custom-skincare-advent-calendar-packaging,skincare advent calendar packaging,"custom advent calendar packaging, advent calendar box manufacturer, advent calendar boxes wholesale, rigid advent calendar packaging, holiday gift set packaging",Custom Skincare Advent Calendar Packaging | ShineleeBox,"Learn how brands can use skincare advent calendar packaging for beauty, perfume, skincare, chocolate and gift set campaigns, with custom structures, inserts, finishing and factory support.",Advent Calendar Packaging,Blog_Articles_MD/08_custom-skincare-advent-calendar-packaging.md,Blog_Articles_HTML/08_custom-skincare-advent-calendar-packaging.html,Link to Advent Calendar Boxes + Contact page
9,2026-07-22,Scheduled,Custom Chocolate Advent Calendar Boxes for Premium Food Gifts,/blog/custom-chocolate-advent-calendar-boxes,chocolate advent calendar boxes,"custom advent calendar packaging, advent calendar box manufacturer, advent calendar boxes wholesale, rigid advent calendar packaging, holiday gift set packaging",Custom Chocolate Advent Calendar Boxes | ShineleeBox,"Learn how brands can use chocolate advent calendar boxes for beauty, perfume, skincare, chocolate and gift set campaigns, with custom structures, inserts, finishing and factory support.",Advent Calendar Packaging,Blog_Articles_MD/09_custom-chocolate-advent-calendar-boxes.md,Blog_Articles_HTML/09_custom-chocolate-advent-calendar-boxes.html,Link to Advent Calendar Boxes + Contact page
10,2026-07-25,Scheduled,Drawer Advent Calendar Box vs Book Style Advent Calendar Box: Which Structure Should Brands Choose?,/blog/drawer-vs-book-style-advent-calendar-box,drawer advent calendar box,"custom advent calendar packaging, advent calendar box manufacturer, advent calendar boxes wholesale, rigid advent calendar packaging, holiday gift set packaging",Drawer vs Book Style Advent Calendar Box | ShineleeBox,"Learn how brands can use drawer advent calendar box for beauty, perfume, skincare, chocolate and gift set campaigns, with custom structures, inserts, finishing and factory support.",Advent Calendar Packaging,Blog_Articles_MD/10_drawer-vs-book-style-advent-calendar-box.md,Blog_Articles_HTML/10_drawer-vs-book-style-advent-calendar-box.html,Link to Advent Calendar Boxes + Contact page
11,2026-07-29,Scheduled,LED and Music Advent Calendar Boxes: How Interactive Packaging Improves Unboxing,/blog/led-music-advent-calendar-boxes,LED advent calendar box,"custom advent calendar packaging, advent calendar box manufacturer, advent calendar boxes wholesale, rigid advent calendar packaging, holiday gift set packaging",LED & Music Advent Calendar Boxes | ShineleeBox,"Learn how brands can use LED advent calendar box for beauty, perfume, skincare, chocolate and gift set campaigns, with custom structures, inserts, finishing and factory support.",Advent Calendar Packaging,Blog_Articles_MD/11_led-music-advent-calendar-boxes.md,Blog_Articles_HTML/11_led-music-advent-calendar-boxes.html,Link to Advent Calendar Boxes + Contact page
12,2026-08-01,Scheduled,Advent Calendar Boxes Wholesale: A Buyer’s Guide for Brand Owners and Gift Set Companies,/blog/advent-calendar-boxes-wholesale-buyers-guide,advent calendar boxes wholesale,"custom advent calendar packaging, advent calendar box manufacturer, advent calendar boxes wholesale, rigid advent calendar packaging, holiday gift set packaging",Advent Calendar Boxes Wholesale Buyer Guide | ShineleeBox,"Buyer’s guide to wholesale advent calendar boxes for brands, distributors and gift set companies, covering MOQ, structures, customization and quality checks.",Advent Calendar Packaging,Blog_Articles_MD/12_advent-calendar-boxes-wholesale-buyers-guide.md,Blog_Articles_HTML/12_advent-calendar-boxes-wholesale-buyers-guide.html,Link to Advent Calendar Boxes + Contact page
