Product ID,Product Name,Category,Main Selling Point,SEO Title,Meta Description
AC-001,Custom Perfume Bottle Advent Calendar Box,Perfume / Beauty / Luxury,Custom bottle-shaped structure with drawer calendar layout,Custom Perfume Bottle Advent Calendar Box | Luxury Fragrance Calendar Packaging Manufacturer,"ShineleeBox manufactures custom perfume bottle advent calendar boxes for fragrance, beauty and holiday gift campaigns. MOQ from 50 pcs for selected projects."
AC-002,LED Light-Up Perfume Advent Calendar Box,Perfume / Beauty / LED Packaging,Book-style calendar with central display area and optional LED lighting,LED Light-Up Perfume Advent Calendar Box | Custom Beauty Calendar Packaging,"Custom LED light-up perfume advent calendar boxes for fragrance, beauty, skincare and holiday gift campaigns."
AC-003,Ramadan 30-Day Advent Calendar Box,Ramadan / Eid / Islamic Gifts,30 numbered drawers with green and gold religious festival design,Custom Ramadan Advent Calendar Boxes | 30-Day Islamic Gift Packaging,"Custom Ramadan advent calendar boxes for Eid gifts, dates, sweets, prayer items and Islamic gift collections."
AC-004,Red Round Christmas Advent Calendar Box,Christmas / Chocolate / Gifts,Round cylinder structure with removable drawers and holiday display,Round Christmas Advent Calendar Box | Custom Holiday Gift Packaging,"Custom round Christmas advent calendar boxes for chocolate, candy, toys, beauty and festive gift campaigns."
AC-005,Red & Gold Christmas Drawer Advent Calendar Box,Christmas / Beauty / Gift,Book-style opening with red and gold drawer layout,Red Gold Christmas Advent Calendar Box | Custom Drawer Gift Packaging,"Custom red and gold Christmas advent calendar boxes for beauty, chocolate, gifts and holiday promotions."
AC-006,Pink Beauty Drawer Advent Calendar Box,Beauty / Cosmetic / Skincare,Pink drawer calendar for beauty minis and cosmetics,Pink Beauty Advent Calendar Box | Custom Cosmetic Calendar Packaging,"Custom pink beauty advent calendar boxes for cosmetics, skincare, nail polish and influencer gift campaigns."
AC-007,Blue Luxury Beauty Advent Calendar Box,Beauty / Luxury Gift,Premium blue drawer calendar with elegant gold details,Blue Luxury Beauty Advent Calendar Box | Custom Gift Set Packaging,"Custom luxury beauty advent calendar boxes for skincare, fragrance, cosmetics and premium gift sets."
AC-008,White & Gold Luxury Advent Calendar Box,Luxury / Perfume / Beauty,White and gold premium calendar structure for luxury brands,White Gold Luxury Advent Calendar Box | Premium Gift Packaging Manufacturer,"Custom white and gold advent calendar boxes for perfume, beauty, jewelry and luxury holiday campaigns."
AC-009,Christmas Tree Shape Advent Calendar Box,Christmas / Custom Shape,Tree-shaped festive display structure with drawers,Christmas Tree Advent Calendar Box | Custom Shape Holiday Packaging,"Custom Christmas tree advent calendar boxes for holiday gifts, beauty, chocolate and retail display."
AC-010,Pink Ballet Nutcracker Advent Calendar Box,Christmas / Kids / Beauty,Theater-style calendar with decorative holiday theme,Pink Nutcracker Advent Calendar Box | Custom Christmas Gift Packaging,"Custom ballet and nutcracker themed advent calendar boxes for Christmas, gifts, kids products and beauty brands."
AC-011,Green Cube Drawer Advent Calendar Box,Christmas / Gift / Special Products,Cube drawer structure with festive green design,Green Cube Advent Calendar Box | Custom Drawer Gift Packaging,"Custom green cube advent calendar boxes for gifts, holiday products, wellness items and specialty campaigns."
AC-012,Pink Arch Jewelry Advent Calendar Box,Jewelry / Beauty / Accessories,Arch-shaped jewelry calendar with ribbon closure,Pink Arch Jewelry Advent Calendar Box | Custom Accessories Packaging,"Custom jewelry advent calendar boxes for earrings, charms, bracelets, beauty accessories and holiday gifts."
AC-013,Gold Display Drawer Advent Calendar Box,Luxury / Beauty / Jewelry,Gold display structure with multiple drawers and strong visual impact,Gold Luxury Advent Calendar Box | Custom Display Drawer Packaging,"Custom gold advent calendar boxes for beauty, jewelry, cosmetics and luxury promotional gifts."
AC-014,Round Beauty Advent Calendar Box,Beauty / Skincare / Candle,Circular calendar board with mixed doors and product display,Round Beauty Advent Calendar Box | Custom Skincare Calendar Packaging,"Custom round beauty advent calendar boxes for skincare, cosmetics, candles and holiday discovery sets."
AC-015,Orange Jewelry 12-Day Advent Calendar Box,Jewelry / Accessories,Compact 12-day drawer calendar for jewelry and accessories,12-Day Jewelry Advent Calendar Box | Custom Accessories Gift Packaging,"Custom 12-day jewelry advent calendar boxes for earrings, charms, accessories and boutique gift campaigns."
AC-016,Pink Velvet Arch Advent Calendar Box,Beauty / Nail / Jewelry,"Pink arch structure for beauty, nail and jewelry brands",Pink Velvet Arch Advent Calendar Box | Custom Beauty Gift Packaging,"Custom pink arch advent calendar boxes for nails, beauty, accessories and holiday gift sets."
AC-017,Blue Arch Drawer Advent Calendar Box,Jewelry / Kids / Gift,Blue arch calendar with drawer compartments,Blue Arch Advent Calendar Box | Custom Drawer Gift Packaging,"Custom blue arch advent calendar boxes for gifts, kids products, jewelry and seasonal campaigns."
AC-018,Mini 5-Day Pink Advent Calendar Box,Small Gift / Beauty Trial Set,Small trial calendar with 5 drawers and ribbon closure,Mini 5-Day Advent Calendar Box | Small Custom Gift Packaging,"Custom mini advent calendar boxes for sample kits, beauty trials, small gifts and boutique campaigns."
AC-019,Ramadan Blue-Gold Pattern Advent Calendar Box,Ramadan / Islamic Gift,Blue and gold Islamic pattern calendar with numbered drawers,Blue Gold Ramadan Advent Calendar Box | Islamic Gift Packaging,"Custom blue and gold Ramadan advent calendar boxes for Islamic gifts, Eid, sweets, dates and religious products."
AC-020,Green Lantern Ramadan Advent Calendar Box,Ramadan / Eid / Islamic Gift,Green book-style calendar with lantern artwork and 30 drawers,Green Ramadan Advent Calendar Box | Custom Eid Gift Packaging,"Custom green Ramadan advent calendar boxes for Eid gifts, dates, sweets, prayer accessories and festival campaigns."
