Product ID,Product Code,Product Name,URL Slug,Products Directory,Applications Directory,Holiday & Occasions Directory,Application Tags,Holiday Tags,SEO Title,Meta Description,H1,Short Description,Description,Key Features,Best For,Custom Options,Manufacturing Support,CTA,Image Folder,Main Image,Video
CFP-001,SLCB01,Custom Window Handle Cake Box,custom-window-handle-cake-box,Cake Boxes,Chocolate & Food Packaging,"Cake; Bakery; Pastry; Dessert",Custom Custom Window Handle Cake Box | Cake Boxes Manufacturer,Custom custom window handle cake box for cake; bakery; pastry; dessert. MOQ from 50 pcs. Custom size, printing and finishing by Guangzhou Shinelee Paper Product Co., Ltd.,Custom Window Handle Cake Box,Custom Window Handle Cake Box is a custom bakery packaging solution for cupcakes, mini cakes, pastries and dessert gifting.,Custom Window Handle Cake Box is designed for bakeries, dessert brands, cafes and gift suppliers looking for food-safe and presentation-friendly packaging.,Food packaging structure; Suitable for cupcakes, cakes and pastries; Custom size and print; Window / handle / insert options; MOQ from 50 pcs.,Bakery brands; Cake shops; Cupcake gift sets; Dessert takeaway; Seasonal bakery promotions.,"Structure: tuck top, handle box, window box, insert box, folding box. Materials: SBS board, kraft paper, rigid board. Finishing: matte lamination, gloss lamination, foil stamping, spot UV.","Structure development; Sample making; CMYK/Pantone printing; Foil stamping; Embossing; Insert design; Quality control; Export packing.","Contact Lisa at info@slpack.net or WhatsApp +86 18818840878 for pricing, samples and custom packaging support.",CFP-001_custom-window-handle-cake-box,image_01.jpg,
CFP-002,SLCK01,Custom 1-Piece Cupcake Box,custom-1-piece-cupcake-box,Cake Boxes,Chocolate & Food Packaging,"Cupcake; Bakery; Pastry; Dessert",Custom Custom 1-Piece Cupcake Box | Cake Boxes Manufacturer,Custom custom 1-piece cupcake box for cupcake; bakery; pastry; dessert. MOQ from 50 pcs. Custom size, printing and finishing by Guangzhou Shinelee Paper Product Co., Ltd.,Custom 1-Piece Cupcake Box,Custom 1-Piece Cupcake Box is a custom bakery packaging solution for cupcakes, mini cakes, pastries and dessert gifting.,Custom 1-Piece Cupcake Box is designed for bakeries, dessert brands, cafes and gift suppliers looking for food-safe and presentation-friendly packaging.,Food packaging structure; Suitable for cupcakes, cakes and pastries; Custom size and print; Window / handle / insert options; MOQ from 50 pcs.,Bakery brands; Cake shops; Cupcake gift sets; Dessert takeaway; Seasonal bakery promotions.,"Structure: tuck top, handle box, window box, insert box, folding box. Materials: SBS board, kraft paper, rigid board. Finishing: matte lamination, gloss lamination, foil stamping, spot UV.","Structure development; Sample making; CMYK/Pantone printing; Foil stamping; Embossing; Insert design; Quality control; Export packing.","Contact Lisa at info@slpack.net or WhatsApp +86 18818840878 for pricing, samples and custom packaging support.",CFP-002_custom-1-piece-cupcake-box,image_01.jpg,
CFP-003,SLCK02,Custom Mini Cupcake Box,custom-mini-cupcake-box,Cake Boxes,Chocolate & Food Packaging,"Cupcake; Bakery; Pastry; Dessert",Custom Custom Mini Cupcake Box | Cake Boxes Manufacturer,Custom custom mini cupcake box for cupcake; bakery; pastry; dessert. MOQ from 50 pcs. Custom size, printing and finishing by Guangzhou Shinelee Paper Product Co., Ltd.,Custom Mini Cupcake Box,Custom Mini Cupcake Box is a custom bakery packaging solution for cupcakes, mini cakes, pastries and dessert gifting.,Custom Mini Cupcake Box is designed for bakeries, dessert brands, cafes and gift suppliers looking for food-safe and presentation-friendly packaging.,Food packaging structure; Suitable for cupcakes, cakes and pastries; Custom size and print; Window / handle / insert options; MOQ from 50 pcs.,Bakery brands; Cake shops; Cupcake gift sets; Dessert takeaway; Seasonal bakery promotions.,"Structure: tuck top, handle box, window box, insert box, folding box. Materials: SBS board, kraft paper, rigid board. Finishing: matte lamination, gloss lamination, foil stamping, spot UV.","Structure development; Sample making; CMYK/Pantone printing; Foil stamping; Embossing; Insert design; Quality control; Export packing.","Contact Lisa at info@slpack.net or WhatsApp +86 18818840878 for pricing, samples and custom packaging support.",CFP-003_custom-mini-cupcake-box,image_01.jpg,
CFP-004,SLCK04,Custom 4-Piece Cupcake Box,custom-4-piece-cupcake-box,Cake Boxes,Chocolate & Food Packaging,"Cupcake; Bakery; Dessert Gift",Custom Custom 4-Piece Cupcake Box | Cake Boxes Manufacturer,Custom custom 4-piece cupcake box for cupcake; bakery; dessert gift. MOQ from 50 pcs. Custom size, printing and finishing by Guangzhou Shinelee Paper Product Co., Ltd.,Custom 4-Piece Cupcake Box,Custom 4-Piece Cupcake Box is a custom bakery packaging solution for cupcakes, mini cakes, pastries and dessert gifting.,Custom 4-Piece Cupcake Box is designed for bakeries, dessert brands, cafes and gift suppliers looking for food-safe and presentation-friendly packaging.,Food packaging structure; Suitable for cupcakes, cakes and pastries; Custom size and print; Window / handle / insert options; MOQ from 50 pcs.,Bakery brands; Cake shops; Cupcake gift sets; Dessert takeaway; Seasonal bakery promotions.,"Structure: tuck top, handle box, window box, insert box, folding box. Materials: SBS board, kraft paper, rigid board. Finishing: matte lamination, gloss lamination, foil stamping, spot UV.","Structure development; Sample making; CMYK/Pantone printing; Foil stamping; Embossing; Insert design; Quality control; Export packing.","Contact Lisa at info@slpack.net or WhatsApp +86 18818840878 for pricing, samples and custom packaging support.",CFP-004_custom-4-piece-cupcake-box,image_01.jpg,
CFP-005,SLCK06,Custom 6-Piece Cupcake Box,custom-6-piece-cupcake-box,Cake Boxes,Chocolate & Food Packaging,"Cupcake; Bakery; Dessert Gift",Custom Custom 6-Piece Cupcake Box | Cake Boxes Manufacturer,Custom custom 6-piece cupcake box for cupcake; bakery; dessert gift. MOQ from 50 pcs. Custom size, printing and finishing by Guangzhou Shinelee Paper Product Co., Ltd.,Custom 6-Piece Cupcake Box,Custom 6-Piece Cupcake Box is a custom bakery packaging solution for cupcakes, mini cakes, pastries and dessert gifting.,Custom 6-Piece Cupcake Box is designed for bakeries, dessert brands, cafes and gift suppliers looking for food-safe and presentation-friendly packaging.,Food packaging structure; Suitable for cupcakes, cakes and pastries; Custom size and print; Window / handle / insert options; MOQ from 50 pcs.,Bakery brands; Cake shops; Cupcake gift sets; Dessert takeaway; Seasonal bakery promotions.,"Structure: tuck top, handle box, window box, insert box, folding box. Materials: SBS board, kraft paper, rigid board. Finishing: matte lamination, gloss lamination, foil stamping, spot UV.","Structure development; Sample making; CMYK/Pantone printing; Foil stamping; Embossing; Insert design; Quality control; Export packing.","Contact Lisa at info@slpack.net or WhatsApp +86 18818840878 for pricing, samples and custom packaging support.",CFP-005_custom-6-piece-cupcake-box,image_01.jpg,
CFP-006,SLCK09,Custom 9-Piece Cupcake Box,custom-9-piece-cupcake-box,Cake Boxes,Chocolate & Food Packaging,"Cupcake; Bakery; Dessert Gift",Custom Custom 9-Piece Cupcake Box | Cake Boxes Manufacturer,Custom custom 9-piece cupcake box for cupcake; bakery; dessert gift. MOQ from 50 pcs. Custom size, printing and finishing by Guangzhou Shinelee Paper Product Co., Ltd.,Custom 9-Piece Cupcake Box,Custom 9-Piece Cupcake Box is a custom bakery packaging solution for cupcakes, mini cakes, pastries and dessert gifting.,Custom 9-Piece Cupcake Box is designed for bakeries, dessert brands, cafes and gift suppliers looking for food-safe and presentation-friendly packaging.,Food packaging structure; Suitable for cupcakes, cakes and pastries; Custom size and print; Window / handle / insert options; MOQ from 50 pcs.,Bakery brands; Cake shops; Cupcake gift sets; Dessert takeaway; Seasonal bakery promotions.,"Structure: tuck top, handle box, window box, insert box, folding box. Materials: SBS board, kraft paper, rigid board. Finishing: matte lamination, gloss lamination, foil stamping, spot UV.","Structure development; Sample making; CMYK/Pantone printing; Foil stamping; Embossing; Insert design; Quality control; Export packing.","Contact Lisa at info@slpack.net or WhatsApp +86 18818840878 for pricing, samples and custom packaging support.",CFP-006_custom-9-piece-cupcake-box,image_01.jpg,
CFP-007,SLS01,Custom Folding Cake and Pastry Box,custom-folding-cake-and-pastry-box,Cake Boxes,Chocolate & Food Packaging,"Cake; Pastry; Dessert; Bakery Gift",Custom Custom Folding Cake and Pastry Box | Cake Boxes Manufacturer,Custom custom folding cake and pastry box for cake; pastry; dessert; bakery gift. MOQ from 50 pcs. Custom size, printing and finishing by Guangzhou Shinelee Paper Product Co., Ltd.,Custom Folding Cake and Pastry Box,Custom Folding Cake and Pastry Box is a custom bakery packaging solution for cupcakes, mini cakes, pastries and dessert gifting.,Custom Folding Cake and Pastry Box is designed for bakeries, dessert brands, cafes and gift suppliers looking for food-safe and presentation-friendly packaging.,Food packaging structure; Suitable for cupcakes, cakes and pastries; Custom size and print; Window / handle / insert options; MOQ from 50 pcs.,Bakery brands; Cake shops; Cupcake gift sets; Dessert takeaway; Seasonal bakery promotions.,"Structure: tuck top, handle box, window box, insert box, folding box. Materials: SBS board, kraft paper, rigid board. Finishing: matte lamination, gloss lamination, foil stamping, spot UV.","Structure development; Sample making; CMYK/Pantone printing; Foil stamping; Embossing; Insert design; Quality control; Export packing.","Contact Lisa at info@slpack.net or WhatsApp +86 18818840878 for pricing, samples and custom packaging support.",CFP-007_custom-folding-cake-and-pastry-box,image_01.jpg,
CFP-008,SLQ01,Custom Geometric Chocolate Gift Box,custom-geometric-chocolate-gift-box,Chocolate Boxes,Chocolate & Food Packaging,"Chocolate; Truffle; Confectionery; Dessert Gift",Custom Custom Geometric Chocolate Gift Box | Chocolate Boxes Manufacturer,Custom custom geometric chocolate gift box for chocolate; truffle; confectionery; dessert gift. MOQ from 50 pcs. Custom size, printing and finishing by Guangzhou Shinelee Paper Product Co., Ltd.,Custom Geometric Chocolate Gift Box,Custom Geometric Chocolate Gift Box is a custom chocolate packaging solution for truffles, pralines and premium confectionery gifting.,Custom Geometric Chocolate Gift Box is suitable for chocolate brands, confectionery suppliers and seasonal gift programs. The box can be customized with trays, compartments, foil details, specialty paper and premium inserts.,Premium rigid or specialty structure; Ideal for chocolates and truffles; Custom tray and compartment options; Brand printing and finishing; MOQ from 50 pcs.,Chocolate brands; Truffle collections; Retail gifts; Corporate food gifts; Luxury confectionery packaging.,"Structure: lid and base, book style, round box, geometric box, tray box. Materials: rigid board, coated paper, specialty paper, food-grade inner tray. Finishing: foil stamping, embossing, spot UV, ribbon, magnetic closure.","Structure development; Sample making; CMYK/Pantone printing; Foil stamping; Embossing; Insert design; Quality control; Export packing.","Contact Lisa at info@slpack.net or WhatsApp +86 18818840878 for pricing, samples and custom packaging support.",CFP-008_custom-geometric-chocolate-gift-box,image_01.jpg,
CFP-009,SLS07,Custom Rigid Chocolate Gift Box,custom-rigid-chocolate-gift-box,Chocolate Boxes,Chocolate & Food Packaging,"Chocolate; Truffle; Confectionery; Gift Packaging",Custom Custom Rigid Chocolate Gift Box | Chocolate Boxes Manufacturer,Custom custom rigid chocolate gift box for chocolate; truffle; confectionery; gift packaging. MOQ from 50 pcs. Custom size, printing and finishing by Guangzhou Shinelee Paper Product Co., Ltd.,Custom Rigid Chocolate Gift Box,Custom Rigid Chocolate Gift Box is a custom chocolate packaging solution for truffles, pralines and premium confectionery gifting.,Custom Rigid Chocolate Gift Box is suitable for chocolate brands, confectionery suppliers and seasonal gift programs. The box can be customized with trays, compartments, foil details, specialty paper and premium inserts.,Premium rigid or specialty structure; Ideal for chocolates and truffles; Custom tray and compartment options; Brand printing and finishing; MOQ from 50 pcs.,Chocolate brands; Truffle collections; Retail gifts; Corporate food gifts; Luxury confectionery packaging.,"Structure: lid and base, book style, round box, geometric box, tray box. Materials: rigid board, coated paper, specialty paper, food-grade inner tray. Finishing: foil stamping, embossing, spot UV, ribbon, magnetic closure.","Structure development; Sample making; CMYK/Pantone printing; Foil stamping; Embossing; Insert design; Quality control; Export packing.","Contact Lisa at info@slpack.net or WhatsApp +86 18818840878 for pricing, samples and custom packaging support.",CFP-009_custom-rigid-chocolate-gift-box,image_01.jpg,
CFP-010,SLS08,Custom Premium Chocolate Box,custom-premium-chocolate-box,Chocolate Boxes,Chocolate & Food Packaging,"Chocolate; Truffle; Confectionery; Gift Packaging",Custom Custom Premium Chocolate Box | Chocolate Boxes Manufacturer,Custom custom premium chocolate box for chocolate; truffle; confectionery; gift packaging. MOQ from 50 pcs. Custom size, printing and finishing by Guangzhou Shinelee Paper Product Co., Ltd.,Custom Premium Chocolate Box,Custom Premium Chocolate Box is a custom chocolate packaging solution for truffles, pralines and premium confectionery gifting.,Custom Premium Chocolate Box is suitable for chocolate brands, confectionery suppliers and seasonal gift programs. The box can be customized with trays, compartments, foil details, specialty paper and premium inserts.,Premium rigid or specialty structure; Ideal for chocolates and truffles; Custom tray and compartment options; Brand printing and finishing; MOQ from 50 pcs.,Chocolate brands; Truffle collections; Retail gifts; Corporate food gifts; Luxury confectionery packaging.,"Structure: lid and base, book style, round box, geometric box, tray box. Materials: rigid board, coated paper, specialty paper, food-grade inner tray. Finishing: foil stamping, embossing, spot UV, ribbon, magnetic closure.","Structure development; Sample making; CMYK/Pantone printing; Foil stamping; Embossing; Insert design; Quality control; Export packing.","Contact Lisa at info@slpack.net or WhatsApp +86 18818840878 for pricing, samples and custom packaging support.",CFP-010_custom-premium-chocolate-box,image_01.jpg,
CFP-011,SLS17,Custom Round Chocolate Gift Box,custom-round-chocolate-gift-box,Chocolate Boxes,Chocolate & Food Packaging,"Chocolate; Truffle; Confectionery; Luxury Gift",Custom Custom Round Chocolate Gift Box | Chocolate Boxes Manufacturer,Custom custom round chocolate gift box for chocolate; truffle; confectionery; luxury gift. MOQ from 50 pcs. Custom size, printing and finishing by Guangzhou Shinelee Paper Product Co., Ltd.,Custom Round Chocolate Gift Box,Custom Round Chocolate Gift Box is a custom chocolate packaging solution for truffles, pralines and premium confectionery gifting.,Custom Round Chocolate Gift Box is suitable for chocolate brands, confectionery suppliers and seasonal gift programs. The box can be customized with trays, compartments, foil details, specialty paper and premium inserts.,Premium rigid or specialty structure; Ideal for chocolates and truffles; Custom tray and compartment options; Brand printing and finishing; MOQ from 50 pcs.,Chocolate brands; Truffle collections; Retail gifts; Corporate food gifts; Luxury confectionery packaging.,"Structure: lid and base, book style, round box, geometric box, tray box. Materials: rigid board, coated paper, specialty paper, food-grade inner tray. Finishing: foil stamping, embossing, spot UV, ribbon, magnetic closure.","Structure development; Sample making; CMYK/Pantone printing; Foil stamping; Embossing; Insert design; Quality control; Export packing.","Contact Lisa at info@slpack.net or WhatsApp +86 18818840878 for pricing, samples and custom packaging support.",CFP-011_custom-round-chocolate-gift-box,image_01.jpg,
CFP-012,SLS18,Custom Chocolate Tray Gift Box,custom-chocolate-tray-gift-box,Chocolate Boxes,Chocolate & Food Packaging,"Chocolate; Truffle; Confectionery; Food Gift",Custom Custom Chocolate Tray Gift Box | Chocolate Boxes Manufacturer,Custom custom chocolate tray gift box for chocolate; truffle; confectionery; food gift. MOQ from 50 pcs. Custom size, printing and finishing by Guangzhou Shinelee Paper Product Co., Ltd.,Custom Chocolate Tray Gift Box,Custom Chocolate Tray Gift Box is a custom chocolate packaging solution for truffles, pralines and premium confectionery gifting.,Custom Chocolate Tray Gift Box is suitable for chocolate brands, confectionery suppliers and seasonal gift programs. The box can be customized with trays, compartments, foil details, specialty paper and premium inserts.,Premium rigid or specialty structure; Ideal for chocolates and truffles; Custom tray and compartment options; Brand printing and finishing; MOQ from 50 pcs.,Chocolate brands; Truffle collections; Retail gifts; Corporate food gifts; Luxury confectionery packaging.,"Structure: lid and base, book style, round box, geometric box, tray box. Materials: rigid board, coated paper, specialty paper, food-grade inner tray. Finishing: foil stamping, embossing, spot UV, ribbon, magnetic closure.","Structure development; Sample making; CMYK/Pantone printing; Foil stamping; Embossing; Insert design; Quality control; Export packing.","Contact Lisa at info@slpack.net or WhatsApp +86 18818840878 for pricing, samples and custom packaging support.",CFP-012_custom-chocolate-tray-gift-box,image_01.jpg,
CFP-013,SLS02,Custom Light-Up Dates Gift Box,custom-light-up-dates-gift-box,Date Dessert Boxes,Chocolate & Food Packaging,Ramadan & Eid Packaging,"Dates; Arabic Sweets; Dessert; Gourmet Gift","Ramadan; Eid",Custom Custom Light-Up Dates Gift Box | Date Dessert Boxes Manufacturer,Custom custom light-up dates gift box for dates; arabic sweets; dessert; gourmet gift. MOQ from 50 pcs. Custom size, printing and finishing by Guangzhou Shinelee Paper Product Co., Ltd.,Custom Light-Up Dates Gift Box,Custom Light-Up Dates Gift Box is a custom food gift box for dates, Arabic sweets, premium desserts and Ramadan gifting.,Custom Light-Up Dates Gift Box is created for gourmet date brands, dessert retailers and festive food campaigns. It supports custom size, compartment layout, rigid structure, decorative finishing and premium presentation for Ramadan and Eid gifting.,Suitable for dates and Arabic sweets; Ramadan and Eid gift presentation; Custom inserts and compartments; Premium rigid structure options; MOQ from 50 pcs.,Date brands; Arabic sweets; Ramadan hampers; Eid gift sets; Gourmet dessert packaging.,"Structure: drawer box, lid and base, book style, specialty shape, window box, compartment box. Materials: rigid board, specialty paper, velvet paper, food-grade tray. Finishing: gold foil, embossing, debossing, ribbon, magnetic closure.","Structure development; Sample making; CMYK/Pantone printing; Foil stamping; Embossing; Insert design; Quality control; Export packing.","Contact Lisa at info@slpack.net or WhatsApp +86 18818840878 for pricing, samples and custom packaging support.",CFP-013_custom-light-up-dates-gift-box,image_01.jpg,
CFP-014,SLS03,Custom Drawer Dates Gift Box,custom-drawer-dates-gift-box,Date Dessert Boxes,Chocolate & Food Packaging,Ramadan & Eid Packaging,"Dates; Arabic Sweets; Dessert; Gourmet Gift","Ramadan; Eid",Custom Custom Drawer Dates Gift Box | Date Dessert Boxes Manufacturer,Custom custom drawer dates gift box for dates; arabic sweets; dessert; gourmet gift. MOQ from 50 pcs. Custom size, printing and finishing by Guangzhou Shinelee Paper Product Co., Ltd.,Custom Drawer Dates Gift Box,Custom Drawer Dates Gift Box is a custom food gift box for dates, Arabic sweets, premium desserts and Ramadan gifting.,Custom Drawer Dates Gift Box is created for gourmet date brands, dessert retailers and festive food campaigns. It supports custom size, compartment layout, rigid structure, decorative finishing and premium presentation for Ramadan and Eid gifting.,Suitable for dates and Arabic sweets; Ramadan and Eid gift presentation; Custom inserts and compartments; Premium rigid structure options; MOQ from 50 pcs.,Date brands; Arabic sweets; Ramadan hampers; Eid gift sets; Gourmet dessert packaging.,"Structure: drawer box, lid and base, book style, specialty shape, window box, compartment box. Materials: rigid board, specialty paper, velvet paper, food-grade tray. Finishing: gold foil, embossing, debossing, ribbon, magnetic closure.","Structure development; Sample making; CMYK/Pantone printing; Foil stamping; Embossing; Insert design; Quality control; Export packing.","Contact Lisa at info@slpack.net or WhatsApp +86 18818840878 for pricing, samples and custom packaging support.",CFP-014_custom-drawer-dates-gift-box,image_01.jpg,
CFP-015,SLS04,Custom Floral Drawer Dates Box,custom-floral-drawer-dates-box,Date Dessert Boxes,Chocolate & Food Packaging,Ramadan & Eid Packaging,"Dates; Arabic Sweets; Dessert; Gourmet Gift","Ramadan; Eid",Custom Custom Floral Drawer Dates Box | Date Dessert Boxes Manufacturer,Custom custom floral drawer dates box for dates; arabic sweets; dessert; gourmet gift. MOQ from 50 pcs. Custom size, printing and finishing by Guangzhou Shinelee Paper Product Co., Ltd.,Custom Floral Drawer Dates Box,Custom Floral Drawer Dates Box is a custom food gift box for dates, Arabic sweets, premium desserts and Ramadan gifting.,Custom Floral Drawer Dates Box is created for gourmet date brands, dessert retailers and festive food campaigns. It supports custom size, compartment layout, rigid structure, decorative finishing and premium presentation for Ramadan and Eid gifting.,Suitable for dates and Arabic sweets; Ramadan and Eid gift presentation; Custom inserts and compartments; Premium rigid structure options; MOQ from 50 pcs.,Date brands; Arabic sweets; Ramadan hampers; Eid gift sets; Gourmet dessert packaging.,"Structure: drawer box, lid and base, book style, specialty shape, window box, compartment box. Materials: rigid board, specialty paper, velvet paper, food-grade tray. Finishing: gold foil, embossing, debossing, ribbon, magnetic closure.","Structure development; Sample making; CMYK/Pantone printing; Foil stamping; Embossing; Insert design; Quality control; Export packing.","Contact Lisa at info@slpack.net or WhatsApp +86 18818840878 for pricing, samples and custom packaging support.",CFP-015_custom-floral-drawer-dates-box,image_01.jpg,
CFP-016,SLS05,Custom Velvet Dates Gift Box,custom-velvet-dates-gift-box,Date Dessert Boxes,Chocolate & Food Packaging,Ramadan & Eid Packaging,"Dates; Arabic Sweets; Dessert; Luxury Gift","Ramadan; Eid",Custom Custom Velvet Dates Gift Box | Date Dessert Boxes Manufacturer,Custom custom velvet dates gift box for dates; arabic sweets; dessert; luxury gift. MOQ from 50 pcs. Custom size, printing and finishing by Guangzhou Shinelee Paper Product Co., Ltd.,Custom Velvet Dates Gift Box,Custom Velvet Dates Gift Box is a custom food gift box for dates, Arabic sweets, premium desserts and Ramadan gifting.,Custom Velvet Dates Gift Box is created for gourmet date brands, dessert retailers and festive food campaigns. It supports custom size, compartment layout, rigid structure, decorative finishing and premium presentation for Ramadan and Eid gifting.,Suitable for dates and Arabic sweets; Ramadan and Eid gift presentation; Custom inserts and compartments; Premium rigid structure options; MOQ from 50 pcs.,Date brands; Arabic sweets; Ramadan hampers; Eid gift sets; Gourmet dessert packaging.,"Structure: drawer box, lid and base, book style, specialty shape, window box, compartment box. Materials: rigid board, specialty paper, velvet paper, food-grade tray. Finishing: gold foil, embossing, debossing, ribbon, magnetic closure.","Structure development; Sample making; CMYK/Pantone printing; Foil stamping; Embossing; Insert design; Quality control; Export packing.","Contact Lisa at info@slpack.net or WhatsApp +86 18818840878 for pricing, samples and custom packaging support.",CFP-016_custom-velvet-dates-gift-box,image_01.jpg,
CFP-017,SLS06,Custom Halal Dates Gift Box,custom-halal-dates-gift-box,Date Dessert Boxes,Chocolate & Food Packaging,Ramadan & Eid Packaging,"Dates; Arabic Sweets; Dessert; Gourmet Gift","Ramadan; Eid",Custom Custom Halal Dates Gift Box | Date Dessert Boxes Manufacturer,Custom custom halal dates gift box for dates; arabic sweets; dessert; gourmet gift. MOQ from 50 pcs. Custom size, printing and finishing by Guangzhou Shinelee Paper Product Co., Ltd.,Custom Halal Dates Gift Box,Custom Halal Dates Gift Box is a custom food gift box for dates, Arabic sweets, premium desserts and Ramadan gifting.,Custom Halal Dates Gift Box is created for gourmet date brands, dessert retailers and festive food campaigns. It supports custom size, compartment layout, rigid structure, decorative finishing and premium presentation for Ramadan and Eid gifting.,Suitable for dates and Arabic sweets; Ramadan and Eid gift presentation; Custom inserts and compartments; Premium rigid structure options; MOQ from 50 pcs.,Date brands; Arabic sweets; Ramadan hampers; Eid gift sets; Gourmet dessert packaging.,"Structure: drawer box, lid and base, book style, specialty shape, window box, compartment box. Materials: rigid board, specialty paper, velvet paper, food-grade tray. Finishing: gold foil, embossing, debossing, ribbon, magnetic closure.","Structure development; Sample making; CMYK/Pantone printing; Foil stamping; Embossing; Insert design; Quality control; Export packing.","Contact Lisa at info@slpack.net or WhatsApp +86 18818840878 for pricing, samples and custom packaging support.",CFP-017_custom-halal-dates-gift-box,image_01.jpg,
CFP-018,SLS09,Custom Ramadan Pyramid Gift Box,custom-ramadan-pyramid-gift-box,Date Dessert Boxes,Chocolate & Food Packaging,Ramadan & Eid Packaging,"Dates; Arabic Sweets; Dessert; Ramadan Gift","Ramadan; Eid",Custom Custom Ramadan Pyramid Gift Box | Date Dessert Boxes Manufacturer,Custom custom ramadan pyramid gift box for dates; arabic sweets; dessert; ramadan gift. MOQ from 50 pcs. Custom size, printing and finishing by Guangzhou Shinelee Paper Product Co., Ltd.,Custom Ramadan Pyramid Gift Box,Custom Ramadan Pyramid Gift Box is a custom food gift box for dates, Arabic sweets, premium desserts and Ramadan gifting.,Custom Ramadan Pyramid Gift Box is created for gourmet date brands, dessert retailers and festive food campaigns. It supports custom size, compartment layout, rigid structure, decorative finishing and premium presentation for Ramadan and Eid gifting.,Suitable for dates and Arabic sweets; Ramadan and Eid gift presentation; Custom inserts and compartments; Premium rigid structure options; MOQ from 50 pcs.,Date brands; Arabic sweets; Ramadan hampers; Eid gift sets; Gourmet dessert packaging.,"Structure: drawer box, lid and base, book style, specialty shape, window box, compartment box. Materials: rigid board, specialty paper, velvet paper, food-grade tray. Finishing: gold foil, embossing, debossing, ribbon, magnetic closure.","Structure development; Sample making; CMYK/Pantone printing; Foil stamping; Embossing; Insert design; Quality control; Export packing.","Contact Lisa at info@slpack.net or WhatsApp +86 18818840878 for pricing, samples and custom packaging support.",CFP-018_custom-ramadan-pyramid-gift-box,image_01.jpg,
CFP-019,SLS10,Custom Cylindrical Dates Gift Box,custom-cylindrical-dates-gift-box,Date Dessert Boxes,Chocolate & Food Packaging,Ramadan & Eid Packaging,"Dates; Nuts; Dessert; Gourmet Gift","Ramadan; Eid",Custom Custom Cylindrical Dates Gift Box | Date Dessert Boxes Manufacturer,Custom custom cylindrical dates gift box for dates; nuts; dessert; gourmet gift. MOQ from 50 pcs. Custom size, printing and finishing by Guangzhou Shinelee Paper Product Co., Ltd.,Custom Cylindrical Dates Gift Box,Custom Cylindrical Dates Gift Box is a custom food gift box for dates, Arabic sweets, premium desserts and Ramadan gifting.,Custom Cylindrical Dates Gift Box is created for gourmet date brands, dessert retailers and festive food campaigns. It supports custom size, compartment layout, rigid structure, decorative finishing and premium presentation for Ramadan and Eid gifting.,Suitable for dates and Arabic sweets; Ramadan and Eid gift presentation; Custom inserts and compartments; Premium rigid structure options; MOQ from 50 pcs.,Date brands; Arabic sweets; Ramadan hampers; Eid gift sets; Gourmet dessert packaging.,"Structure: drawer box, lid and base, book style, specialty shape, window box, compartment box. Materials: rigid board, specialty paper, velvet paper, food-grade tray. Finishing: gold foil, embossing, debossing, ribbon, magnetic closure.","Structure development; Sample making; CMYK/Pantone printing; Foil stamping; Embossing; Insert design; Quality control; Export packing.","Contact Lisa at info@slpack.net or WhatsApp +86 18818840878 for pricing, samples and custom packaging support.",CFP-019_custom-cylindrical-dates-gift-box,image_01.jpg,
CFP-020,SLS11,Custom Arch Window Ramadan Gift Box,custom-arch-window-ramadan-gift-box,Date Dessert Boxes,Chocolate & Food Packaging,Ramadan & Eid Packaging,"Dates; Chocolate; Dessert; Ramadan Gift","Ramadan; Eid",Custom Custom Arch Window Ramadan Gift Box | Date Dessert Boxes Manufacturer,Custom custom arch window ramadan gift box for dates; chocolate; dessert; ramadan gift. MOQ from 50 pcs. Custom size, printing and finishing by Guangzhou Shinelee Paper Product Co., Ltd.,Custom Arch Window Ramadan Gift Box,Custom Arch Window Ramadan Gift Box is a custom food gift box for dates, Arabic sweets, premium desserts and Ramadan gifting.,Custom Arch Window Ramadan Gift Box is created for gourmet date brands, dessert retailers and festive food campaigns. It supports custom size, compartment layout, rigid structure, decorative finishing and premium presentation for Ramadan and Eid gifting.,Suitable for dates and Arabic sweets; Ramadan and Eid gift presentation; Custom inserts and compartments; Premium rigid structure options; MOQ from 50 pcs.,Date brands; Arabic sweets; Ramadan hampers; Eid gift sets; Gourmet dessert packaging.,"Structure: drawer box, lid and base, book style, specialty shape, window box, compartment box. Materials: rigid board, specialty paper, velvet paper, food-grade tray. Finishing: gold foil, embossing, debossing, ribbon, magnetic closure.","Structure development; Sample making; CMYK/Pantone printing; Foil stamping; Embossing; Insert design; Quality control; Export packing.","Contact Lisa at info@slpack.net or WhatsApp +86 18818840878 for pricing, samples and custom packaging support.",CFP-020_custom-arch-window-ramadan-gift-box,image_01.jpg,
CFP-021,SLS12,Custom Heart-Shaped Dates Gift Box,custom-heart-shaped-dates-gift-box,Date Dessert Boxes,Chocolate & Food Packaging,Ramadan & Eid Packaging,"Dates; Chocolate; Dessert; Luxury Gift","Ramadan; Eid",Custom Custom Heart-Shaped Dates Gift Box | Date Dessert Boxes Manufacturer,Custom custom heart-shaped dates gift box for dates; chocolate; dessert; luxury gift. MOQ from 50 pcs. Custom size, printing and finishing by Guangzhou Shinelee Paper Product Co., Ltd.,Custom Heart-Shaped Dates Gift Box,Custom Heart-Shaped Dates Gift Box is a custom food gift box for dates, Arabic sweets, premium desserts and Ramadan gifting.,Custom Heart-Shaped Dates Gift Box is created for gourmet date brands, dessert retailers and festive food campaigns. It supports custom size, compartment layout, rigid structure, decorative finishing and premium presentation for Ramadan and Eid gifting.,Suitable for dates and Arabic sweets; Ramadan and Eid gift presentation; Custom inserts and compartments; Premium rigid structure options; MOQ from 50 pcs.,Date brands; Arabic sweets; Ramadan hampers; Eid gift sets; Gourmet dessert packaging.,"Structure: drawer box, lid and base, book style, specialty shape, window box, compartment box. Materials: rigid board, specialty paper, velvet paper, food-grade tray. Finishing: gold foil, embossing, debossing, ribbon, magnetic closure.","Structure development; Sample making; CMYK/Pantone printing; Foil stamping; Embossing; Insert design; Quality control; Export packing.","Contact Lisa at info@slpack.net or WhatsApp +86 18818840878 for pricing, samples and custom packaging support.",CFP-021_custom-heart-shaped-dates-gift-box,image_01.jpg,
CFP-022,SLS13,Custom Blue Ramadan Drawer Gift Box,custom-blue-ramadan-drawer-gift-box,Date Dessert Boxes,Chocolate & Food Packaging,Ramadan & Eid Packaging,"Dates; Arabic Sweets; Dessert; Ramadan Gift","Ramadan; Eid",Custom Custom Blue Ramadan Drawer Gift Box | Date Dessert Boxes Manufacturer,Custom custom blue ramadan drawer gift box for dates; arabic sweets; dessert; ramadan gift. MOQ from 50 pcs. Custom size, printing and finishing by Guangzhou Shinelee Paper Product Co., Ltd.,Custom Blue Ramadan Drawer Gift Box,Custom Blue Ramadan Drawer Gift Box is a custom food gift box for dates, Arabic sweets, premium desserts and Ramadan gifting.,Custom Blue Ramadan Drawer Gift Box is created for gourmet date brands, dessert retailers and festive food campaigns. It supports custom size, compartment layout, rigid structure, decorative finishing and premium presentation for Ramadan and Eid gifting.,Suitable for dates and Arabic sweets; Ramadan and Eid gift presentation; Custom inserts and compartments; Premium rigid structure options; MOQ from 50 pcs.,Date brands; Arabic sweets; Ramadan hampers; Eid gift sets; Gourmet dessert packaging.,"Structure: drawer box, lid and base, book style, specialty shape, window box, compartment box. Materials: rigid board, specialty paper, velvet paper, food-grade tray. Finishing: gold foil, embossing, debossing, ribbon, magnetic closure.","Structure development; Sample making; CMYK/Pantone printing; Foil stamping; Embossing; Insert design; Quality control; Export packing.","Contact Lisa at info@slpack.net or WhatsApp +86 18818840878 for pricing, samples and custom packaging support.",CFP-022_custom-blue-ramadan-drawer-gift-box,image_01.jpg,
CFP-023,SLS14,Custom Crescent Ramadan Chocolate Box,custom-crescent-ramadan-chocolate-box,Date Dessert Boxes,Chocolate & Food Packaging,Ramadan & Eid Packaging,"Chocolate; Dessert; Ramadan Gift; Crescent Box","Ramadan; Eid",Custom Custom Crescent Ramadan Chocolate Box | Date Dessert Boxes Manufacturer,Custom custom crescent ramadan chocolate box for chocolate; dessert; ramadan gift; crescent box. MOQ from 50 pcs. Custom size, printing and finishing by Guangzhou Shinelee Paper Product Co., Ltd.,Custom Crescent Ramadan Chocolate Box,Custom Crescent Ramadan Chocolate Box is a custom food gift box for dates, Arabic sweets, premium desserts and Ramadan gifting.,Custom Crescent Ramadan Chocolate Box is created for gourmet date brands, dessert retailers and festive food campaigns. It supports custom size, compartment layout, rigid structure, decorative finishing and premium presentation for Ramadan and Eid gifting.,Suitable for dates and Arabic sweets; Ramadan and Eid gift presentation; Custom inserts and compartments; Premium rigid structure options; MOQ from 50 pcs.,Date brands; Arabic sweets; Ramadan hampers; Eid gift sets; Gourmet dessert packaging.,"Structure: drawer box, lid and base, book style, specialty shape, window box, compartment box. Materials: rigid board, specialty paper, velvet paper, food-grade tray. Finishing: gold foil, embossing, debossing, ribbon, magnetic closure.","Structure development; Sample making; CMYK/Pantone printing; Foil stamping; Embossing; Insert design; Quality control; Export packing.","Contact Lisa at info@slpack.net or WhatsApp +86 18818840878 for pricing, samples and custom packaging support.",CFP-023_custom-crescent-ramadan-chocolate-box,image_01.jpg,
CFP-024,SLS16,Custom Premium Dessert Assortment Box,custom-premium-dessert-assortment-box,Date Dessert Boxes,Chocolate & Food Packaging,Ramadan & Eid Packaging,"Dates; Arabic Sweets; Dessert; Premium Gift","Ramadan; Eid",Custom Custom Premium Dessert Assortment Box | Date Dessert Boxes Manufacturer,Custom custom premium dessert assortment box for dates; arabic sweets; dessert; premium gift. MOQ from 50 pcs. Custom size, printing and finishing by Guangzhou Shinelee Paper Product Co., Ltd.,Custom Premium Dessert Assortment Box,Custom Premium Dessert Assortment Box is a custom food gift box for dates, Arabic sweets, premium desserts and Ramadan gifting.,Custom Premium Dessert Assortment Box is created for gourmet date brands, dessert retailers and festive food campaigns. It supports custom size, compartment layout, rigid structure, decorative finishing and premium presentation for Ramadan and Eid gifting.,Suitable for dates and Arabic sweets; Ramadan and Eid gift presentation; Custom inserts and compartments; Premium rigid structure options; MOQ from 50 pcs.,Date brands; Arabic sweets; Ramadan hampers; Eid gift sets; Gourmet dessert packaging.,"Structure: drawer box, lid and base, book style, specialty shape, window box, compartment box. Materials: rigid board, specialty paper, velvet paper, food-grade tray. Finishing: gold foil, embossing, debossing, ribbon, magnetic closure.","Structure development; Sample making; CMYK/Pantone printing; Foil stamping; Embossing; Insert design; Quality control; Export packing.","Contact Lisa at info@slpack.net or WhatsApp +86 18818840878 for pricing, samples and custom packaging support.",CFP-024_custom-premium-dessert-assortment-box,image_01.jpg,
CFP-025,SLS5,Custom Printed Dates and Dessert Box,custom-printed-dates-and-dessert-box,Date Dessert Boxes,Chocolate & Food Packaging,Ramadan & Eid Packaging,"Dates; Arabic Sweets; Dessert; Gourmet Gift","Ramadan; Eid",Custom Custom Printed Dates and Dessert Box | Date Dessert Boxes Manufacturer,Custom custom printed dates and dessert box for dates; arabic sweets; dessert; gourmet gift. MOQ from 50 pcs. Custom size, printing and finishing by Guangzhou Shinelee Paper Product Co., Ltd.,Custom Printed Dates and Dessert Box,Custom Printed Dates and Dessert Box is a custom food gift box for dates, Arabic sweets, premium desserts and Ramadan gifting.,Custom Printed Dates and Dessert Box is created for gourmet date brands, dessert retailers and festive food campaigns. It supports custom size, compartment layout, rigid structure, decorative finishing and premium presentation for Ramadan and Eid gifting.,Suitable for dates and Arabic sweets; Ramadan and Eid gift presentation; Custom inserts and compartments; Premium rigid structure options; MOQ from 50 pcs.,Date brands; Arabic sweets; Ramadan hampers; Eid gift sets; Gourmet dessert packaging.,"Structure: drawer box, lid and base, book style, specialty shape, window box, compartment box. Materials: rigid board, specialty paper, velvet paper, food-grade tray. Finishing: gold foil, embossing, debossing, ribbon, magnetic closure.","Structure development; Sample making; CMYK/Pantone printing; Foil stamping; Embossing; Insert design; Quality control; Export packing.","Contact Lisa at info@slpack.net or WhatsApp +86 18818840878 for pricing, samples and custom packaging support.",CFP-025_custom-printed-dates-and-dessert-box,image_01.jpg,
CFP-026,SLM01,Custom Mooncake Gift Box Style 01,custom-mooncake-gift-box-style-01,Mooncake Boxes,Chocolate & Food Packaging,Other Occasions,"Mooncake; Pastry; Mid-Autumn Gift; Festive Food","Mid-Autumn Festival; Other Occasions",Custom Custom Mooncake Gift Box Style 01 | Mooncake Boxes Manufacturer,Custom custom mooncake gift box style 01 for mooncake; pastry; mid-autumn gift; festive food. MOQ from 50 pcs. Custom size, printing and finishing by Guangzhou Shinelee Paper Product Co., Ltd.,Custom Mooncake Gift Box Style 01,Custom Mooncake Gift Box Style 01 is a custom festive food packaging solution for mooncakes and seasonal pastry gifting.,Custom Mooncake Gift Box Style 01 is suitable for mooncake brands, festive food suppliers and Mid-Autumn gift programs. The box can be customized with trays, drawer structures, premium board, foil details and branded artwork for retail and corporate gifting.,Designed for mooncake and festive pastry packaging; Premium gift presentation; Custom tray and insert options; Brand printing and finishing; MOQ from 50 pcs.,Mooncake brands; Mid-Autumn gifting; Corporate festive gifts; Pastry gift sets; Premium retail packaging.,"Structure: drawer box, lid and base, book style, rigid box. Materials: rigid board, art paper, specialty paper. Finishing: foil stamping, embossing, debossing, spot UV, ribbon, magnetic closure.","Structure development; Sample making; CMYK/Pantone printing; Foil stamping; Embossing; Insert design; Quality control; Export packing.","Contact Lisa at info@slpack.net or WhatsApp +86 18818840878 for pricing, samples and custom packaging support.",CFP-026_custom-mooncake-gift-box-style-01,image_01.jpg,
CFP-027,SLM02,Custom Mooncake Gift Box Style 02,custom-mooncake-gift-box-style-02,Mooncake Boxes,Chocolate & Food Packaging,Other Occasions,"Mooncake; Pastry; Mid-Autumn Gift; Festive Food","Mid-Autumn Festival; Other Occasions",Custom Custom Mooncake Gift Box Style 02 | Mooncake Boxes Manufacturer,Custom custom mooncake gift box style 02 for mooncake; pastry; mid-autumn gift; festive food. MOQ from 50 pcs. Custom size, printing and finishing by Guangzhou Shinelee Paper Product Co., Ltd.,Custom Mooncake Gift Box Style 02,Custom Mooncake Gift Box Style 02 is a custom festive food packaging solution for mooncakes and seasonal pastry gifting.,Custom Mooncake Gift Box Style 02 is suitable for mooncake brands, festive food suppliers and Mid-Autumn gift programs. The box can be customized with trays, drawer structures, premium board, foil details and branded artwork for retail and corporate gifting.,Designed for mooncake and festive pastry packaging; Premium gift presentation; Custom tray and insert options; Brand printing and finishing; MOQ from 50 pcs.,Mooncake brands; Mid-Autumn gifting; Corporate festive gifts; Pastry gift sets; Premium retail packaging.,"Structure: drawer box, lid and base, book style, rigid box. Materials: rigid board, art paper, specialty paper. Finishing: foil stamping, embossing, debossing, spot UV, ribbon, magnetic closure.","Structure development; Sample making; CMYK/Pantone printing; Foil stamping; Embossing; Insert design; Quality control; Export packing.","Contact Lisa at info@slpack.net or WhatsApp +86 18818840878 for pricing, samples and custom packaging support.",CFP-027_custom-mooncake-gift-box-style-02,image_01.jpg,
CFP-028,SLM03,Custom Mooncake Gift Box Style 03,custom-mooncake-gift-box-style-03,Mooncake Boxes,Chocolate & Food Packaging,Other Occasions,"Mooncake; Pastry; Mid-Autumn Gift; Festive Food","Mid-Autumn Festival; Other Occasions",Custom Custom Mooncake Gift Box Style 03 | Mooncake Boxes Manufacturer,Custom custom mooncake gift box style 03 for mooncake; pastry; mid-autumn gift; festive food. MOQ from 50 pcs. Custom size, printing and finishing by Guangzhou Shinelee Paper Product Co., Ltd.,Custom Mooncake Gift Box Style 03,Custom Mooncake Gift Box Style 03 is a custom festive food packaging solution for mooncakes and seasonal pastry gifting.,Custom Mooncake Gift Box Style 03 is suitable for mooncake brands, festive food suppliers and Mid-Autumn gift programs. The box can be customized with trays, drawer structures, premium board, foil details and branded artwork for retail and corporate gifting.,Designed for mooncake and festive pastry packaging; Premium gift presentation; Custom tray and insert options; Brand printing and finishing; MOQ from 50 pcs.,Mooncake brands; Mid-Autumn gifting; Corporate festive gifts; Pastry gift sets; Premium retail packaging.,"Structure: drawer box, lid and base, book style, rigid box. Materials: rigid board, art paper, specialty paper. Finishing: foil stamping, embossing, debossing, spot UV, ribbon, magnetic closure.","Structure development; Sample making; CMYK/Pantone printing; Foil stamping; Embossing; Insert design; Quality control; Export packing.","Contact Lisa at info@slpack.net or WhatsApp +86 18818840878 for pricing, samples and custom packaging support.",CFP-028_custom-mooncake-gift-box-style-03,image_01.jpg,
CFP-029,SLM04,Custom Mooncake Gift Box Style 04,custom-mooncake-gift-box-style-04,Mooncake Boxes,Chocolate & Food Packaging,Other Occasions,"Mooncake; Pastry; Mid-Autumn Gift; Festive Food","Mid-Autumn Festival; Other Occasions",Custom Custom Mooncake Gift Box Style 04 | Mooncake Boxes Manufacturer,Custom custom mooncake gift box style 04 for mooncake; pastry; mid-autumn gift; festive food. MOQ from 50 pcs. Custom size, printing and finishing by Guangzhou Shinelee Paper Product Co., Ltd.,Custom Mooncake Gift Box Style 04,Custom Mooncake Gift Box Style 04 is a custom festive food packaging solution for mooncakes and seasonal pastry gifting.,Custom Mooncake Gift Box Style 04 is suitable for mooncake brands, festive food suppliers and Mid-Autumn gift programs. The box can be customized with trays, drawer structures, premium board, foil details and branded artwork for retail and corporate gifting.,Designed for mooncake and festive pastry packaging; Premium gift presentation; Custom tray and insert options; Brand printing and finishing; MOQ from 50 pcs.,Mooncake brands; Mid-Autumn gifting; Corporate festive gifts; Pastry gift sets; Premium retail packaging.,"Structure: drawer box, lid and base, book style, rigid box. Materials: rigid board, art paper, specialty paper. Finishing: foil stamping, embossing, debossing, spot UV, ribbon, magnetic closure.","Structure development; Sample making; CMYK/Pantone printing; Foil stamping; Embossing; Insert design; Quality control; Export packing.","Contact Lisa at info@slpack.net or WhatsApp +86 18818840878 for pricing, samples and custom packaging support.",CFP-029_custom-mooncake-gift-box-style-04,image_01.jpg,
