Product Code,Product Title,Menu,Products Subcategory,Applications Mapping,Holiday & Occasions Mapping,URL Slug,Image 1,Image 2,Image 3,Image 4,SEO Title,Meta Description,Focus Keywords,Short Description,Recommended Page Placement,B2B Selling Points,Custom Options,MOQ Note
MG-001,Luxury Magnetic Jewelry Gift Box,Products,Magnetic Boxes,Jewelry & Accessories Packaging,,luxury-magnetic-jewelry-gift-box,images/Magnetic_Boxes/MG-001_luxury-magnetic-jewelry-gift-box/MG-001_luxury-magnetic-jewelry-gift-box_01_main_white.jpg,images/Magnetic_Boxes/MG-001_luxury-magnetic-jewelry-gift-box/MG-001_luxury-magnetic-jewelry-gift-box_02_structure_view.jpg,images/Magnetic_Boxes/MG-001_luxury-magnetic-jewelry-gift-box/MG-001_luxury-magnetic-jewelry-gift-box_03_detail_closeup.jpg,images/Magnetic_Boxes/MG-001_luxury-magnetic-jewelry-gift-box/MG-001_luxury-magnetic-jewelry-gift-box_04_scene_marketing.jpg,Luxury Magnetic Jewelry Gift Box | Custom Magnetic Box Manufacturer,"Source custom luxury magnetic jewelry gift box from Guangzhou Shinelee Paper Product Co., Ltd. This rigid magnetic closure box packaging with a premium opening experience is ideal for jewelry & accessories packaging brands, gift sets, and promotional packaging.","luxury magnetic jewelry gift box, magnetic boxes, jewelry & accessories packaging, custom gift box, rigid paper box, luxury packaging manufacturer, ShineleeBox","Luxury Magnetic Jewelry Gift Box with premium rigid construction, customizable size, printing, insert, and finishing options for jewelry & accessories packaging projects.",Products > Rigid Boxes > Magnetic Boxes | Applications > Jewelry & Accessories Packaging,Premium rigid paper construction; factory custom manufacturing; suitable for brand gift sets; supports small batch testing and bulk production; designed for memorable unboxing.,"Custom size, structure, paper material, printing, foil stamping, embossing/debossing, spot UV, ribbon, magnetic closure, drawer tray, EVA/paper insert, window, handle, logo placement.","MOQ from 50 pcs for selected custom projects; confirm by size, material and finishing."
MG-002,Luxury Magnetic Watch Gift Box,Products,Magnetic Boxes,Jewelry & Accessories Packaging,,luxury-magnetic-watch-gift-box,images/Magnetic_Boxes/MG-002_luxury-magnetic-watch-gift-box/MG-002_luxury-magnetic-watch-gift-box_01_main_white.jpg,images/Magnetic_Boxes/MG-002_luxury-magnetic-watch-gift-box/MG-002_luxury-magnetic-watch-gift-box_02_structure_view.jpg,images/Magnetic_Boxes/MG-002_luxury-magnetic-watch-gift-box/MG-002_luxury-magnetic-watch-gift-box_03_detail_closeup.jpg,images/Magnetic_Boxes/MG-002_luxury-magnetic-watch-gift-box/MG-002_luxury-magnetic-watch-gift-box_04_scene_marketing.jpg,Luxury Magnetic Watch Gift Box | Custom Magnetic Box Manufacturer,"Source custom luxury magnetic watch gift box from Guangzhou Shinelee Paper Product Co., Ltd. This rigid magnetic closure box packaging with a premium opening experience is ideal for jewelry & accessories packaging brands, gift sets, and promotional packaging.","luxury magnetic watch gift box, magnetic boxes, jewelry & accessories packaging, custom gift box, rigid paper box, luxury packaging manufacturer, ShineleeBox","Luxury Magnetic Watch Gift Box with premium rigid construction, customizable size, printing, insert, and finishing options for jewelry & accessories packaging projects.",Products > Rigid Boxes > Magnetic Boxes | Applications > Jewelry & Accessories Packaging,Premium rigid paper construction; factory custom manufacturing; suitable for brand gift sets; supports small batch testing and bulk production; designed for memorable unboxing.,"Custom size, structure, paper material, printing, foil stamping, embossing/debossing, spot UV, ribbon, magnetic closure, drawer tray, EVA/paper insert, window, handle, logo placement.","MOQ from 50 pcs for selected custom projects; confirm by size, material and finishing."
MG-003,Luxury Magnetic Cosmetic Gift Box,Products,Magnetic Boxes,"Beauty, Perfume & Personal Care",,luxury-magnetic-cosmetic-gift-box,images/Magnetic_Boxes/MG-003_luxury-magnetic-cosmetic-gift-box/MG-003_luxury-magnetic-cosmetic-gift-box_01_main_white.jpg,images/Magnetic_Boxes/MG-003_luxury-magnetic-cosmetic-gift-box/MG-003_luxury-magnetic-cosmetic-gift-box_02_structure_view.jpg,images/Magnetic_Boxes/MG-003_luxury-magnetic-cosmetic-gift-box/MG-003_luxury-magnetic-cosmetic-gift-box_03_detail_closeup.jpg,images/Magnetic_Boxes/MG-003_luxury-magnetic-cosmetic-gift-box/MG-003_luxury-magnetic-cosmetic-gift-box_04_scene_marketing.jpg,Luxury Magnetic Cosmetic Gift Box | Custom Magnetic Box Manufacturer,"Source custom luxury magnetic cosmetic gift box from Guangzhou Shinelee Paper Product Co., Ltd. This rigid magnetic closure box packaging with a premium opening experience is ideal for beauty, perfume & personal care brands, gift sets, and promotional packaging.","luxury magnetic cosmetic gift box, magnetic boxes, beauty, perfume & personal care, custom gift box, rigid paper box, luxury packaging manufacturer, ShineleeBox","Luxury Magnetic Cosmetic Gift Box with premium rigid construction, customizable size, printing, insert, and finishing options for beauty, perfume & personal care projects.","Products > Rigid Boxes > Magnetic Boxes | Applications > Beauty, Perfume & Personal Care",Premium rigid paper construction; factory custom manufacturing; suitable for brand gift sets; supports small batch testing and bulk production; designed for memorable unboxing.,"Custom size, structure, paper material, printing, foil stamping, embossing/debossing, spot UV, ribbon, magnetic closure, drawer tray, EVA/paper insert, window, handle, logo placement.","MOQ from 50 pcs for selected custom projects; confirm by size, material and finishing."
MG-004,Luxury Magnetic Perfume Gift Box,Products,Magnetic Boxes,"Beauty, Perfume & Personal Care",,luxury-magnetic-perfume-gift-box,images/Magnetic_Boxes/MG-004_luxury-magnetic-perfume-gift-box/MG-004_luxury-magnetic-perfume-gift-box_01_main_white.jpg,images/Magnetic_Boxes/MG-004_luxury-magnetic-perfume-gift-box/MG-004_luxury-magnetic-perfume-gift-box_02_structure_view.jpg,images/Magnetic_Boxes/MG-004_luxury-magnetic-perfume-gift-box/MG-004_luxury-magnetic-perfume-gift-box_03_detail_closeup.jpg,images/Magnetic_Boxes/MG-004_luxury-magnetic-perfume-gift-box/MG-004_luxury-magnetic-perfume-gift-box_04_scene_marketing.jpg,Luxury Magnetic Perfume Gift Box | Custom Magnetic Box Manufacturer,"Source custom luxury magnetic perfume gift box from Guangzhou Shinelee Paper Product Co., Ltd. This rigid magnetic closure box packaging with a premium opening experience is ideal for beauty, perfume & personal care brands, gift sets, and promotional packaging.","luxury magnetic perfume gift box, magnetic boxes, beauty, perfume & personal care, custom gift box, rigid paper box, luxury packaging manufacturer, ShineleeBox","Luxury Magnetic Perfume Gift Box with premium rigid construction, customizable size, printing, insert, and finishing options for beauty, perfume & personal care projects.","Products > Rigid Boxes > Magnetic Boxes | Applications > Beauty, Perfume & Personal Care",Premium rigid paper construction; factory custom manufacturing; suitable for brand gift sets; supports small batch testing and bulk production; designed for memorable unboxing.,"Custom size, structure, paper material, printing, foil stamping, embossing/debossing, spot UV, ribbon, magnetic closure, drawer tray, EVA/paper insert, window, handle, logo placement.","MOQ from 50 pcs for selected custom projects; confirm by size, material and finishing."
MG-005,Luxury Magnetic Chocolate Gift Box,Products,Magnetic Boxes,Chocolate & Food Packaging,,luxury-magnetic-chocolate-gift-box,images/Magnetic_Boxes/MG-005_luxury-magnetic-chocolate-gift-box/MG-005_luxury-magnetic-chocolate-gift-box_01_main_white.jpg,images/Magnetic_Boxes/MG-005_luxury-magnetic-chocolate-gift-box/MG-005_luxury-magnetic-chocolate-gift-box_02_structure_view.jpg,images/Magnetic_Boxes/MG-005_luxury-magnetic-chocolate-gift-box/MG-005_luxury-magnetic-chocolate-gift-box_03_detail_closeup.jpg,images/Magnetic_Boxes/MG-005_luxury-magnetic-chocolate-gift-box/MG-005_luxury-magnetic-chocolate-gift-box_04_scene_marketing.jpg,Luxury Magnetic Chocolate Gift Box | Custom Magnetic Box Manufacturer,"Source custom luxury magnetic chocolate gift box from Guangzhou Shinelee Paper Product Co., Ltd. This rigid magnetic closure box packaging with a premium opening experience is ideal for chocolate & food packaging brands, gift sets, and promotional packaging.","luxury magnetic chocolate gift box, magnetic boxes, chocolate & food packaging, custom gift box, rigid paper box, luxury packaging manufacturer, ShineleeBox","Luxury Magnetic Chocolate Gift Box with premium rigid construction, customizable size, printing, insert, and finishing options for chocolate & food packaging projects.",Products > Rigid Boxes > Magnetic Boxes | Applications > Chocolate & Food Packaging,Premium rigid paper construction; factory custom manufacturing; suitable for brand gift sets; supports small batch testing and bulk production; designed for memorable unboxing.,"Custom size, structure, paper material, printing, foil stamping, embossing/debossing, spot UV, ribbon, magnetic closure, drawer tray, EVA/paper insert, window, handle, logo placement.","MOQ from 50 pcs for selected custom projects; confirm by size, material and finishing."
MG-006,Luxury Magnetic Date Gift Box,Products,Magnetic Boxes,Chocolate & Food Packaging,Ramadan & Eid Packaging,luxury-magnetic-date-gift-box,images/Magnetic_Boxes/MG-006_luxury-magnetic-date-gift-box/MG-006_luxury-magnetic-date-gift-box_01_main_white.jpg,images/Magnetic_Boxes/MG-006_luxury-magnetic-date-gift-box/MG-006_luxury-magnetic-date-gift-box_02_structure_view.jpg,images/Magnetic_Boxes/MG-006_luxury-magnetic-date-gift-box/MG-006_luxury-magnetic-date-gift-box_03_detail_closeup.jpg,images/Magnetic_Boxes/MG-006_luxury-magnetic-date-gift-box/MG-006_luxury-magnetic-date-gift-box_04_scene_marketing.jpg,Luxury Magnetic Date Gift Box | Custom Magnetic Box Manufacturer,"Source custom luxury magnetic date gift box from Guangzhou Shinelee Paper Product Co., Ltd. This rigid magnetic closure box packaging with a premium opening experience is ideal for chocolate & food packaging brands, gift sets, and promotional packaging. Ideal for Ramadan & Eid Packaging.","luxury magnetic date gift box, magnetic boxes, chocolate & food packaging, custom gift box, rigid paper box, luxury packaging manufacturer, ShineleeBox","Luxury Magnetic Date Gift Box with premium rigid construction, customizable size, printing, insert, and finishing options for chocolate & food packaging projects.",Products > Rigid Boxes > Magnetic Boxes | Applications > Chocolate & Food Packaging | Holiday & Occasions > Ramadan & Eid Packaging,Premium rigid paper construction; factory custom manufacturing; suitable for brand gift sets; supports small batch testing and bulk production; designed for memorable unboxing.,"Custom size, structure, paper material, printing, foil stamping, embossing/debossing, spot UV, ribbon, magnetic closure, drawer tray, EVA/paper insert, window, handle, logo placement.","MOQ from 50 pcs for selected custom projects; confirm by size, material and finishing."
DR-001,Luxury Drawer Jewelry Gift Box,Products,Drawer Boxes,Jewelry & Accessories Packaging,,luxury-drawer-jewelry-gift-box,images/Drawer_Boxes/DR-001_luxury-drawer-jewelry-gift-box/DR-001_luxury-drawer-jewelry-gift-box_01_main_white.jpg,images/Drawer_Boxes/DR-001_luxury-drawer-jewelry-gift-box/DR-001_luxury-drawer-jewelry-gift-box_02_structure_view.jpg,images/Drawer_Boxes/DR-001_luxury-drawer-jewelry-gift-box/DR-001_luxury-drawer-jewelry-gift-box_03_detail_closeup.jpg,images/Drawer_Boxes/DR-001_luxury-drawer-jewelry-gift-box/DR-001_luxury-drawer-jewelry-gift-box_04_scene_marketing.jpg,Luxury Drawer Jewelry Gift Box | Custom Drawer Box Manufacturer,"Source custom luxury drawer jewelry gift box from Guangzhou Shinelee Paper Product Co., Ltd. This rigid drawer style packaging with a pull-out tray and elegant presentation is ideal for jewelry & accessories packaging brands, gift sets, and promotional packaging.","luxury drawer jewelry gift box, drawer boxes, jewelry & accessories packaging, custom gift box, rigid paper box, luxury packaging manufacturer, ShineleeBox","Luxury Drawer Jewelry Gift Box with premium rigid construction, customizable size, printing, insert, and finishing options for jewelry & accessories packaging projects.",Products > Rigid Boxes > Drawer Boxes | Applications > Jewelry & Accessories Packaging,Premium rigid paper construction; factory custom manufacturing; suitable for brand gift sets; supports small batch testing and bulk production; designed for memorable unboxing.,"Custom size, structure, paper material, printing, foil stamping, embossing/debossing, spot UV, ribbon, magnetic closure, drawer tray, EVA/paper insert, window, handle, logo placement.","MOQ from 50 pcs for selected custom projects; confirm by size, material and finishing."
DR-002,Luxury Drawer Watch Gift Box,Products,Drawer Boxes,Jewelry & Accessories Packaging,,luxury-drawer-watch-gift-box,images/Drawer_Boxes/DR-002_luxury-drawer-watch-gift-box/DR-002_luxury-drawer-watch-gift-box_01_main_white.jpg,images/Drawer_Boxes/DR-002_luxury-drawer-watch-gift-box/DR-002_luxury-drawer-watch-gift-box_02_structure_view.jpg,images/Drawer_Boxes/DR-002_luxury-drawer-watch-gift-box/DR-002_luxury-drawer-watch-gift-box_03_detail_closeup.jpg,images/Drawer_Boxes/DR-002_luxury-drawer-watch-gift-box/DR-002_luxury-drawer-watch-gift-box_04_scene_marketing.jpg,Luxury Drawer Watch Gift Box | Custom Drawer Box Manufacturer,"Source custom luxury drawer watch gift box from Guangzhou Shinelee Paper Product Co., Ltd. This rigid drawer style packaging with a pull-out tray and elegant presentation is ideal for jewelry & accessories packaging brands, gift sets, and promotional packaging.","luxury drawer watch gift box, drawer boxes, jewelry & accessories packaging, custom gift box, rigid paper box, luxury packaging manufacturer, ShineleeBox","Luxury Drawer Watch Gift Box with premium rigid construction, customizable size, printing, insert, and finishing options for jewelry & accessories packaging projects.",Products > Rigid Boxes > Drawer Boxes | Applications > Jewelry & Accessories Packaging,Premium rigid paper construction; factory custom manufacturing; suitable for brand gift sets; supports small batch testing and bulk production; designed for memorable unboxing.,"Custom size, structure, paper material, printing, foil stamping, embossing/debossing, spot UV, ribbon, magnetic closure, drawer tray, EVA/paper insert, window, handle, logo placement.","MOQ from 50 pcs for selected custom projects; confirm by size, material and finishing."
DR-003,Luxury Drawer Cosmetic Gift Box,Products,Drawer Boxes,"Beauty, Perfume & Personal Care",,luxury-drawer-cosmetic-gift-box,images/Drawer_Boxes/DR-003_luxury-drawer-cosmetic-gift-box/DR-003_luxury-drawer-cosmetic-gift-box_01_main_white.jpg,images/Drawer_Boxes/DR-003_luxury-drawer-cosmetic-gift-box/DR-003_luxury-drawer-cosmetic-gift-box_02_structure_view.jpg,images/Drawer_Boxes/DR-003_luxury-drawer-cosmetic-gift-box/DR-003_luxury-drawer-cosmetic-gift-box_03_detail_closeup.jpg,images/Drawer_Boxes/DR-003_luxury-drawer-cosmetic-gift-box/DR-003_luxury-drawer-cosmetic-gift-box_04_scene_marketing.jpg,Luxury Drawer Cosmetic Gift Box | Custom Drawer Box Manufacturer,"Source custom luxury drawer cosmetic gift box from Guangzhou Shinelee Paper Product Co., Ltd. This rigid drawer style packaging with a pull-out tray and elegant presentation is ideal for beauty, perfume & personal care brands, gift sets, and promotional packaging.","luxury drawer cosmetic gift box, drawer boxes, beauty, perfume & personal care, custom gift box, rigid paper box, luxury packaging manufacturer, ShineleeBox","Luxury Drawer Cosmetic Gift Box with premium rigid construction, customizable size, printing, insert, and finishing options for beauty, perfume & personal care projects.","Products > Rigid Boxes > Drawer Boxes | Applications > Beauty, Perfume & Personal Care",Premium rigid paper construction; factory custom manufacturing; suitable for brand gift sets; supports small batch testing and bulk production; designed for memorable unboxing.,"Custom size, structure, paper material, printing, foil stamping, embossing/debossing, spot UV, ribbon, magnetic closure, drawer tray, EVA/paper insert, window, handle, logo placement.","MOQ from 50 pcs for selected custom projects; confirm by size, material and finishing."
DR-004,Luxury Drawer Perfume Gift Box,Products,Drawer Boxes,"Beauty, Perfume & Personal Care",,luxury-drawer-perfume-gift-box,images/Drawer_Boxes/DR-004_luxury-drawer-perfume-gift-box/DR-004_luxury-drawer-perfume-gift-box_01_main_white.jpg,images/Drawer_Boxes/DR-004_luxury-drawer-perfume-gift-box/DR-004_luxury-drawer-perfume-gift-box_02_structure_view.jpg,images/Drawer_Boxes/DR-004_luxury-drawer-perfume-gift-box/DR-004_luxury-drawer-perfume-gift-box_03_detail_closeup.jpg,images/Drawer_Boxes/DR-004_luxury-drawer-perfume-gift-box/DR-004_luxury-drawer-perfume-gift-box_04_scene_marketing.jpg,Luxury Drawer Perfume Gift Box | Custom Drawer Box Manufacturer,"Source custom luxury drawer perfume gift box from Guangzhou Shinelee Paper Product Co., Ltd. This rigid drawer style packaging with a pull-out tray and elegant presentation is ideal for beauty, perfume & personal care brands, gift sets, and promotional packaging.","luxury drawer perfume gift box, drawer boxes, beauty, perfume & personal care, custom gift box, rigid paper box, luxury packaging manufacturer, ShineleeBox","Luxury Drawer Perfume Gift Box with premium rigid construction, customizable size, printing, insert, and finishing options for beauty, perfume & personal care projects.","Products > Rigid Boxes > Drawer Boxes | Applications > Beauty, Perfume & Personal Care",Premium rigid paper construction; factory custom manufacturing; suitable for brand gift sets; supports small batch testing and bulk production; designed for memorable unboxing.,"Custom size, structure, paper material, printing, foil stamping, embossing/debossing, spot UV, ribbon, magnetic closure, drawer tray, EVA/paper insert, window, handle, logo placement.","MOQ from 50 pcs for selected custom projects; confirm by size, material and finishing."
DR-005,Luxury Drawer Chocolate Gift Box,Products,Drawer Boxes,Chocolate & Food Packaging,,luxury-drawer-chocolate-gift-box,images/Drawer_Boxes/DR-005_luxury-drawer-chocolate-gift-box/DR-005_luxury-drawer-chocolate-gift-box_01_main_white.jpg,images/Drawer_Boxes/DR-005_luxury-drawer-chocolate-gift-box/DR-005_luxury-drawer-chocolate-gift-box_02_structure_view.jpg,images/Drawer_Boxes/DR-005_luxury-drawer-chocolate-gift-box/DR-005_luxury-drawer-chocolate-gift-box_03_detail_closeup.jpg,images/Drawer_Boxes/DR-005_luxury-drawer-chocolate-gift-box/DR-005_luxury-drawer-chocolate-gift-box_04_scene_marketing.jpg,Luxury Drawer Chocolate Gift Box | Custom Drawer Box Manufacturer,"Source custom luxury drawer chocolate gift box from Guangzhou Shinelee Paper Product Co., Ltd. This rigid drawer style packaging with a pull-out tray and elegant presentation is ideal for chocolate & food packaging brands, gift sets, and promotional packaging.","luxury drawer chocolate gift box, drawer boxes, chocolate & food packaging, custom gift box, rigid paper box, luxury packaging manufacturer, ShineleeBox","Luxury Drawer Chocolate Gift Box with premium rigid construction, customizable size, printing, insert, and finishing options for chocolate & food packaging projects.",Products > Rigid Boxes > Drawer Boxes | Applications > Chocolate & Food Packaging,Premium rigid paper construction; factory custom manufacturing; suitable for brand gift sets; supports small batch testing and bulk production; designed for memorable unboxing.,"Custom size, structure, paper material, printing, foil stamping, embossing/debossing, spot UV, ribbon, magnetic closure, drawer tray, EVA/paper insert, window, handle, logo placement.","MOQ from 50 pcs for selected custom projects; confirm by size, material and finishing."
DR-006,Luxury Drawer Date Gift Box,Products,Drawer Boxes,Chocolate & Food Packaging,Ramadan & Eid Packaging,luxury-drawer-date-gift-box,images/Drawer_Boxes/DR-006_luxury-drawer-date-gift-box/DR-006_luxury-drawer-date-gift-box_01_main_white.jpg,images/Drawer_Boxes/DR-006_luxury-drawer-date-gift-box/DR-006_luxury-drawer-date-gift-box_02_structure_view.jpg,images/Drawer_Boxes/DR-006_luxury-drawer-date-gift-box/DR-006_luxury-drawer-date-gift-box_03_detail_closeup.jpg,images/Drawer_Boxes/DR-006_luxury-drawer-date-gift-box/DR-006_luxury-drawer-date-gift-box_04_scene_marketing.jpg,Luxury Drawer Date Gift Box | Custom Drawer Box Manufacturer,"Source custom luxury drawer date gift box from Guangzhou Shinelee Paper Product Co., Ltd. This rigid drawer style packaging with a pull-out tray and elegant presentation is ideal for chocolate & food packaging brands, gift sets, and promotional packaging. Ideal for Ramadan & Eid Packaging.","luxury drawer date gift box, drawer boxes, chocolate & food packaging, custom gift box, rigid paper box, luxury packaging manufacturer, ShineleeBox","Luxury Drawer Date Gift Box with premium rigid construction, customizable size, printing, insert, and finishing options for chocolate & food packaging projects.",Products > Rigid Boxes > Drawer Boxes | Applications > Chocolate & Food Packaging | Holiday & Occasions > Ramadan & Eid Packaging,Premium rigid paper construction; factory custom manufacturing; suitable for brand gift sets; supports small batch testing and bulk production; designed for memorable unboxing.,"Custom size, structure, paper material, printing, foil stamping, embossing/debossing, spot UV, ribbon, magnetic closure, drawer tray, EVA/paper insert, window, handle, logo placement.","MOQ from 50 pcs for selected custom projects; confirm by size, material and finishing."
RG-001,Round Jewelry Gift Box,Products,Round Gift Boxes,Jewelry & Accessories Packaging,,round-jewelry-gift-box,images/Round_Gift_Boxes/RG-001_round-jewelry-gift-box/RG-001_round-jewelry-gift-box_01_main_white.jpg,images/Round_Gift_Boxes/RG-001_round-jewelry-gift-box/RG-001_round-jewelry-gift-box_02_structure_view.jpg,images/Round_Gift_Boxes/RG-001_round-jewelry-gift-box/RG-001_round-jewelry-gift-box_03_detail_closeup.jpg,images/Round_Gift_Boxes/RG-001_round-jewelry-gift-box/RG-001_round-jewelry-gift-box_04_scene_marketing.jpg,Round Jewelry Gift Box | Custom Round Gift Box Manufacturer,"Source custom round jewelry gift box from Guangzhou Shinelee Paper Product Co., Ltd. This round rigid packaging for premium gifts, cosmetics, food, and accessories is ideal for jewelry & accessories packaging brands, gift sets, and promotional packaging.","round jewelry gift box, round gift boxes, jewelry & accessories packaging, custom gift box, rigid paper box, luxury packaging manufacturer, ShineleeBox","Round Jewelry Gift Box with premium rigid construction, customizable size, printing, insert, and finishing options for jewelry & accessories packaging projects.",Products > Rigid Boxes > Round Gift Boxes | Applications > Jewelry & Accessories Packaging,Premium rigid paper construction; factory custom manufacturing; suitable for brand gift sets; supports small batch testing and bulk production; designed for memorable unboxing.,"Custom size, structure, paper material, printing, foil stamping, embossing/debossing, spot UV, ribbon, magnetic closure, drawer tray, EVA/paper insert, window, handle, logo placement.","MOQ from 50 pcs for selected custom projects; confirm by size, material and finishing."
RG-002,Round Watch Gift Box,Products,Round Gift Boxes,Jewelry & Accessories Packaging,,round-watch-gift-box,images/Round_Gift_Boxes/RG-002_round-watch-gift-box/RG-002_round-watch-gift-box_01_main_white.jpg,images/Round_Gift_Boxes/RG-002_round-watch-gift-box/RG-002_round-watch-gift-box_02_structure_view.jpg,images/Round_Gift_Boxes/RG-002_round-watch-gift-box/RG-002_round-watch-gift-box_03_detail_closeup.jpg,images/Round_Gift_Boxes/RG-002_round-watch-gift-box/RG-002_round-watch-gift-box_04_scene_marketing.jpg,Round Watch Gift Box | Custom Round Gift Box Manufacturer,"Source custom round watch gift box from Guangzhou Shinelee Paper Product Co., Ltd. This round rigid packaging for premium gifts, cosmetics, food, and accessories is ideal for jewelry & accessories packaging brands, gift sets, and promotional packaging.","round watch gift box, round gift boxes, jewelry & accessories packaging, custom gift box, rigid paper box, luxury packaging manufacturer, ShineleeBox","Round Watch Gift Box with premium rigid construction, customizable size, printing, insert, and finishing options for jewelry & accessories packaging projects.",Products > Rigid Boxes > Round Gift Boxes | Applications > Jewelry & Accessories Packaging,Premium rigid paper construction; factory custom manufacturing; suitable for brand gift sets; supports small batch testing and bulk production; designed for memorable unboxing.,"Custom size, structure, paper material, printing, foil stamping, embossing/debossing, spot UV, ribbon, magnetic closure, drawer tray, EVA/paper insert, window, handle, logo placement.","MOQ from 50 pcs for selected custom projects; confirm by size, material and finishing."
RG-003,Round Cosmetic Gift Box,Products,Round Gift Boxes,"Beauty, Perfume & Personal Care",,round-cosmetic-gift-box,images/Round_Gift_Boxes/RG-003_round-cosmetic-gift-box/RG-003_round-cosmetic-gift-box_01_main_white.jpg,images/Round_Gift_Boxes/RG-003_round-cosmetic-gift-box/RG-003_round-cosmetic-gift-box_02_structure_view.jpg,images/Round_Gift_Boxes/RG-003_round-cosmetic-gift-box/RG-003_round-cosmetic-gift-box_03_detail_closeup.jpg,images/Round_Gift_Boxes/RG-003_round-cosmetic-gift-box/RG-003_round-cosmetic-gift-box_04_scene_marketing.jpg,Round Cosmetic Gift Box | Custom Round Gift Box Manufacturer,"Source custom round cosmetic gift box from Guangzhou Shinelee Paper Product Co., Ltd. This round rigid packaging for premium gifts, cosmetics, food, and accessories is ideal for beauty, perfume & personal care brands, gift sets, and promotional packaging.","round cosmetic gift box, round gift boxes, beauty, perfume & personal care, custom gift box, rigid paper box, luxury packaging manufacturer, ShineleeBox","Round Cosmetic Gift Box with premium rigid construction, customizable size, printing, insert, and finishing options for beauty, perfume & personal care projects.","Products > Rigid Boxes > Round Gift Boxes | Applications > Beauty, Perfume & Personal Care",Premium rigid paper construction; factory custom manufacturing; suitable for brand gift sets; supports small batch testing and bulk production; designed for memorable unboxing.,"Custom size, structure, paper material, printing, foil stamping, embossing/debossing, spot UV, ribbon, magnetic closure, drawer tray, EVA/paper insert, window, handle, logo placement.","MOQ from 50 pcs for selected custom projects; confirm by size, material and finishing."
RG-004,Round Perfume Gift Box,Products,Round Gift Boxes,"Beauty, Perfume & Personal Care",,round-perfume-gift-box,images/Round_Gift_Boxes/RG-004_round-perfume-gift-box/RG-004_round-perfume-gift-box_01_main_white.jpg,images/Round_Gift_Boxes/RG-004_round-perfume-gift-box/RG-004_round-perfume-gift-box_02_structure_view.jpg,images/Round_Gift_Boxes/RG-004_round-perfume-gift-box/RG-004_round-perfume-gift-box_03_detail_closeup.jpg,images/Round_Gift_Boxes/RG-004_round-perfume-gift-box/RG-004_round-perfume-gift-box_04_scene_marketing.jpg,Round Perfume Gift Box | Custom Round Gift Box Manufacturer,"Source custom round perfume gift box from Guangzhou Shinelee Paper Product Co., Ltd. This round rigid packaging for premium gifts, cosmetics, food, and accessories is ideal for beauty, perfume & personal care brands, gift sets, and promotional packaging.","round perfume gift box, round gift boxes, beauty, perfume & personal care, custom gift box, rigid paper box, luxury packaging manufacturer, ShineleeBox","Round Perfume Gift Box with premium rigid construction, customizable size, printing, insert, and finishing options for beauty, perfume & personal care projects.","Products > Rigid Boxes > Round Gift Boxes | Applications > Beauty, Perfume & Personal Care",Premium rigid paper construction; factory custom manufacturing; suitable for brand gift sets; supports small batch testing and bulk production; designed for memorable unboxing.,"Custom size, structure, paper material, printing, foil stamping, embossing/debossing, spot UV, ribbon, magnetic closure, drawer tray, EVA/paper insert, window, handle, logo placement.","MOQ from 50 pcs for selected custom projects; confirm by size, material and finishing."
RG-005,Round Chocolate Gift Box,Products,Round Gift Boxes,Chocolate & Food Packaging,,round-chocolate-gift-box,images/Round_Gift_Boxes/RG-005_round-chocolate-gift-box/RG-005_round-chocolate-gift-box_01_main_white.jpg,images/Round_Gift_Boxes/RG-005_round-chocolate-gift-box/RG-005_round-chocolate-gift-box_02_structure_view.jpg,images/Round_Gift_Boxes/RG-005_round-chocolate-gift-box/RG-005_round-chocolate-gift-box_03_detail_closeup.jpg,images/Round_Gift_Boxes/RG-005_round-chocolate-gift-box/RG-005_round-chocolate-gift-box_04_scene_marketing.jpg,Round Chocolate Gift Box | Custom Round Gift Box Manufacturer,"Source custom round chocolate gift box from Guangzhou Shinelee Paper Product Co., Ltd. This round rigid packaging for premium gifts, cosmetics, food, and accessories is ideal for chocolate & food packaging brands, gift sets, and promotional packaging.","round chocolate gift box, round gift boxes, chocolate & food packaging, custom gift box, rigid paper box, luxury packaging manufacturer, ShineleeBox","Round Chocolate Gift Box with premium rigid construction, customizable size, printing, insert, and finishing options for chocolate & food packaging projects.",Products > Rigid Boxes > Round Gift Boxes | Applications > Chocolate & Food Packaging,Premium rigid paper construction; factory custom manufacturing; suitable for brand gift sets; supports small batch testing and bulk production; designed for memorable unboxing.,"Custom size, structure, paper material, printing, foil stamping, embossing/debossing, spot UV, ribbon, magnetic closure, drawer tray, EVA/paper insert, window, handle, logo placement.","MOQ from 50 pcs for selected custom projects; confirm by size, material and finishing."
RG-006,Round Date Gift Box,Products,Round Gift Boxes,Chocolate & Food Packaging,Ramadan & Eid Packaging,round-date-gift-box,images/Round_Gift_Boxes/RG-006_round-date-gift-box/RG-006_round-date-gift-box_01_main_white.jpg,images/Round_Gift_Boxes/RG-006_round-date-gift-box/RG-006_round-date-gift-box_02_structure_view.jpg,images/Round_Gift_Boxes/RG-006_round-date-gift-box/RG-006_round-date-gift-box_03_detail_closeup.jpg,images/Round_Gift_Boxes/RG-006_round-date-gift-box/RG-006_round-date-gift-box_04_scene_marketing.jpg,Round Date Gift Box | Custom Round Gift Box Manufacturer,"Source custom round date gift box from Guangzhou Shinelee Paper Product Co., Ltd. This round rigid packaging for premium gifts, cosmetics, food, and accessories is ideal for chocolate & food packaging brands, gift sets, and promotional packaging. Ideal for Ramadan & Eid Packaging.","round date gift box, round gift boxes, chocolate & food packaging, custom gift box, rigid paper box, luxury packaging manufacturer, ShineleeBox","Round Date Gift Box with premium rigid construction, customizable size, printing, insert, and finishing options for chocolate & food packaging projects.",Products > Rigid Boxes > Round Gift Boxes | Applications > Chocolate & Food Packaging | Holiday & Occasions > Ramadan & Eid Packaging,Premium rigid paper construction; factory custom manufacturing; suitable for brand gift sets; supports small batch testing and bulk production; designed for memorable unboxing.,"Custom size, structure, paper material, printing, foil stamping, embossing/debossing, spot UV, ribbon, magnetic closure, drawer tray, EVA/paper insert, window, handle, logo placement.","MOQ from 50 pcs for selected custom projects; confirm by size, material and finishing."
CS-001,Custom Shape Cosmetic Gift Box,Products,Custom Shape Boxes,"Beauty, Perfume & Personal Care",,custom-shape-cosmetic-gift-box,images/Custom_Shape_Boxes/CS-001_custom-shape-cosmetic-gift-box/CS-001_custom-shape-cosmetic-gift-box_01_main_white.jpg,images/Custom_Shape_Boxes/CS-001_custom-shape-cosmetic-gift-box/CS-001_custom-shape-cosmetic-gift-box_02_structure_view.jpg,images/Custom_Shape_Boxes/CS-001_custom-shape-cosmetic-gift-box/CS-001_custom-shape-cosmetic-gift-box_03_detail_closeup.jpg,images/Custom_Shape_Boxes/CS-001_custom-shape-cosmetic-gift-box/CS-001_custom-shape-cosmetic-gift-box_04_scene_marketing.jpg,Custom Shape Cosmetic Gift Box | Custom Custom Shape Box Manufacturer,"Source custom custom shape cosmetic gift box from Guangzhou Shinelee Paper Product Co., Ltd. This custom shaped rigid gift packaging designed to stand out on shelves and online is ideal for beauty, perfume & personal care brands, gift sets, and promotional packaging.","custom shape cosmetic gift box, custom shape boxes, beauty, perfume & personal care, custom gift box, rigid paper box, luxury packaging manufacturer, ShineleeBox","Custom Shape Cosmetic Gift Box with premium rigid construction, customizable size, printing, insert, and finishing options for beauty, perfume & personal care projects.","Products > Rigid Boxes > Custom Shape Boxes | Applications > Beauty, Perfume & Personal Care",Premium rigid paper construction; factory custom manufacturing; suitable for brand gift sets; supports small batch testing and bulk production; designed for memorable unboxing.,"Custom size, structure, paper material, printing, foil stamping, embossing/debossing, spot UV, ribbon, magnetic closure, drawer tray, EVA/paper insert, window, handle, logo placement.","MOQ from 50 pcs for selected custom projects; confirm by size, material and finishing."
CS-002,Heart Shaped Chocolate Gift Box,Products,Custom Shape Boxes,Chocolate & Food Packaging,Valentine's Day Packaging,heart-shaped-chocolate-gift-box,images/Custom_Shape_Boxes/CS-002_heart-shaped-chocolate-gift-box/CS-002_heart-shaped-chocolate-gift-box_01_main_white.jpg,images/Custom_Shape_Boxes/CS-002_heart-shaped-chocolate-gift-box/CS-002_heart-shaped-chocolate-gift-box_02_structure_view.jpg,images/Custom_Shape_Boxes/CS-002_heart-shaped-chocolate-gift-box/CS-002_heart-shaped-chocolate-gift-box_03_detail_closeup.jpg,images/Custom_Shape_Boxes/CS-002_heart-shaped-chocolate-gift-box/CS-002_heart-shaped-chocolate-gift-box_04_scene_marketing.jpg,Heart Shaped Chocolate Gift Box | Custom Custom Shape Box Manufacturer,"Source custom heart shaped chocolate gift box from Guangzhou Shinelee Paper Product Co., Ltd. This custom shaped rigid gift packaging designed to stand out on shelves and online is ideal for chocolate & food packaging brands, gift sets, and promotional packaging. Ideal for Valentine's Day Packaging.","heart shaped chocolate gift box, custom shape boxes, chocolate & food packaging, custom gift box, rigid paper box, luxury packaging manufacturer, ShineleeBox","Heart Shaped Chocolate Gift Box with premium rigid construction, customizable size, printing, insert, and finishing options for chocolate & food packaging projects.",Products > Rigid Boxes > Custom Shape Boxes | Applications > Chocolate & Food Packaging | Holiday & Occasions > Valentine's Day Packaging,Premium rigid paper construction; factory custom manufacturing; suitable for brand gift sets; supports small batch testing and bulk production; designed for memorable unboxing.,"Custom size, structure, paper material, printing, foil stamping, embossing/debossing, spot UV, ribbon, magnetic closure, drawer tray, EVA/paper insert, window, handle, logo placement.","MOQ from 50 pcs for selected custom projects; confirm by size, material and finishing."
CS-003,Shell Shaped Gift Box,Products,Custom Shape Boxes,"Beauty, Perfume & Personal Care",,shell-shaped-gift-box,images/Custom_Shape_Boxes/CS-003_shell-shaped-gift-box/CS-003_shell-shaped-gift-box_01_main_white.jpg,images/Custom_Shape_Boxes/CS-003_shell-shaped-gift-box/CS-003_shell-shaped-gift-box_02_structure_view.jpg,images/Custom_Shape_Boxes/CS-003_shell-shaped-gift-box/CS-003_shell-shaped-gift-box_03_detail_closeup.jpg,images/Custom_Shape_Boxes/CS-003_shell-shaped-gift-box/CS-003_shell-shaped-gift-box_04_scene_marketing.jpg,Shell Shaped Gift Box | Custom Custom Shape Box Manufacturer,"Source custom shell shaped gift box from Guangzhou Shinelee Paper Product Co., Ltd. This custom shaped rigid gift packaging designed to stand out on shelves and online is ideal for beauty, perfume & personal care brands, gift sets, and promotional packaging.","shell shaped gift box, custom shape boxes, beauty, perfume & personal care, custom gift box, rigid paper box, luxury packaging manufacturer, ShineleeBox","Shell Shaped Gift Box with premium rigid construction, customizable size, printing, insert, and finishing options for beauty, perfume & personal care projects.","Products > Rigid Boxes > Custom Shape Boxes | Applications > Beauty, Perfume & Personal Care",Premium rigid paper construction; factory custom manufacturing; suitable for brand gift sets; supports small batch testing and bulk production; designed for memorable unboxing.,"Custom size, structure, paper material, printing, foil stamping, embossing/debossing, spot UV, ribbon, magnetic closure, drawer tray, EVA/paper insert, window, handle, logo placement.","MOQ from 50 pcs for selected custom projects; confirm by size, material and finishing."
CS-004,Fan Shaped Chocolate Gift Box,Products,Custom Shape Boxes,Chocolate & Food Packaging,,fan-shaped-chocolate-gift-box,images/Custom_Shape_Boxes/CS-004_fan-shaped-chocolate-gift-box/CS-004_fan-shaped-chocolate-gift-box_01_main_white.jpg,images/Custom_Shape_Boxes/CS-004_fan-shaped-chocolate-gift-box/CS-004_fan-shaped-chocolate-gift-box_02_structure_view.jpg,images/Custom_Shape_Boxes/CS-004_fan-shaped-chocolate-gift-box/CS-004_fan-shaped-chocolate-gift-box_03_detail_closeup.jpg,images/Custom_Shape_Boxes/CS-004_fan-shaped-chocolate-gift-box/CS-004_fan-shaped-chocolate-gift-box_04_scene_marketing.jpg,Fan Shaped Chocolate Gift Box | Custom Custom Shape Box Manufacturer,"Source custom fan shaped chocolate gift box from Guangzhou Shinelee Paper Product Co., Ltd. This custom shaped rigid gift packaging designed to stand out on shelves and online is ideal for chocolate & food packaging brands, gift sets, and promotional packaging.","fan shaped chocolate gift box, custom shape boxes, chocolate & food packaging, custom gift box, rigid paper box, luxury packaging manufacturer, ShineleeBox","Fan Shaped Chocolate Gift Box with premium rigid construction, customizable size, printing, insert, and finishing options for chocolate & food packaging projects.",Products > Rigid Boxes > Custom Shape Boxes | Applications > Chocolate & Food Packaging,Premium rigid paper construction; factory custom manufacturing; suitable for brand gift sets; supports small batch testing and bulk production; designed for memorable unboxing.,"Custom size, structure, paper material, printing, foil stamping, embossing/debossing, spot UV, ribbon, magnetic closure, drawer tray, EVA/paper insert, window, handle, logo placement.","MOQ from 50 pcs for selected custom projects; confirm by size, material and finishing."
CS-005,Guitar Shaped Gift Box,Products,Custom Shape Boxes,Corporate & Retail Packaging,,guitar-shaped-gift-box,images/Custom_Shape_Boxes/CS-005_guitar-shaped-gift-box/CS-005_guitar-shaped-gift-box_01_main_white.jpg,images/Custom_Shape_Boxes/CS-005_guitar-shaped-gift-box/CS-005_guitar-shaped-gift-box_02_structure_view.jpg,images/Custom_Shape_Boxes/CS-005_guitar-shaped-gift-box/CS-005_guitar-shaped-gift-box_03_detail_closeup.jpg,images/Custom_Shape_Boxes/CS-005_guitar-shaped-gift-box/CS-005_guitar-shaped-gift-box_04_scene_marketing.jpg,Guitar Shaped Gift Box | Custom Custom Shape Box Manufacturer,"Source custom guitar shaped gift box from Guangzhou Shinelee Paper Product Co., Ltd. This custom shaped rigid gift packaging designed to stand out on shelves and online is ideal for corporate & retail packaging brands, gift sets, and promotional packaging.","guitar shaped gift box, custom shape boxes, corporate & retail packaging, custom gift box, rigid paper box, luxury packaging manufacturer, ShineleeBox","Guitar Shaped Gift Box with premium rigid construction, customizable size, printing, insert, and finishing options for corporate & retail packaging projects.",Products > Rigid Boxes > Custom Shape Boxes | Applications > Corporate & Retail Packaging,Premium rigid paper construction; factory custom manufacturing; suitable for brand gift sets; supports small batch testing and bulk production; designed for memorable unboxing.,"Custom size, structure, paper material, printing, foil stamping, embossing/debossing, spot UV, ribbon, magnetic closure, drawer tray, EVA/paper insert, window, handle, logo placement.","MOQ from 50 pcs for selected custom projects; confirm by size, material and finishing."
CS-006,Octagonal Custom Gift Box,Products,Custom Shape Boxes,Corporate & Retail Packaging,,octagonal-custom-gift-box,images/Custom_Shape_Boxes/CS-006_octagonal-custom-gift-box/CS-006_octagonal-custom-gift-box_01_main_white.jpg,images/Custom_Shape_Boxes/CS-006_octagonal-custom-gift-box/CS-006_octagonal-custom-gift-box_02_structure_view.jpg,images/Custom_Shape_Boxes/CS-006_octagonal-custom-gift-box/CS-006_octagonal-custom-gift-box_03_detail_closeup.jpg,images/Custom_Shape_Boxes/CS-006_octagonal-custom-gift-box/CS-006_octagonal-custom-gift-box_04_scene_marketing.jpg,Octagonal Custom Gift Box | Custom Custom Shape Box Manufacturer,"Source custom octagonal custom gift box from Guangzhou Shinelee Paper Product Co., Ltd. This custom shaped rigid gift packaging designed to stand out on shelves and online is ideal for corporate & retail packaging brands, gift sets, and promotional packaging.","octagonal custom gift box, custom shape boxes, corporate & retail packaging, custom gift box, rigid paper box, luxury packaging manufacturer, ShineleeBox","Octagonal Custom Gift Box with premium rigid construction, customizable size, printing, insert, and finishing options for corporate & retail packaging projects.",Products > Rigid Boxes > Custom Shape Boxes | Applications > Corporate & Retail Packaging,Premium rigid paper construction; factory custom manufacturing; suitable for brand gift sets; supports small batch testing and bulk production; designed for memorable unboxing.,"Custom size, structure, paper material, printing, foil stamping, embossing/debossing, spot UV, ribbon, magnetic closure, drawer tray, EVA/paper insert, window, handle, logo placement.","MOQ from 50 pcs for selected custom projects; confirm by size, material and finishing."
SC-001,Suitcase Jewelry Gift Box,Products,Suitcase Boxes,Jewelry & Accessories Packaging,,suitcase-jewelry-gift-box,images/Suitcase_Boxes/SC-001_suitcase-jewelry-gift-box/SC-001_suitcase-jewelry-gift-box_01_main_white.jpg,images/Suitcase_Boxes/SC-001_suitcase-jewelry-gift-box/SC-001_suitcase-jewelry-gift-box_02_structure_view.jpg,images/Suitcase_Boxes/SC-001_suitcase-jewelry-gift-box/SC-001_suitcase-jewelry-gift-box_03_detail_closeup.jpg,images/Suitcase_Boxes/SC-001_suitcase-jewelry-gift-box/SC-001_suitcase-jewelry-gift-box_04_scene_marketing.jpg,Suitcase Jewelry Gift Box | Custom Suitcase Box Manufacturer,"Source custom suitcase jewelry gift box from Guangzhou Shinelee Paper Product Co., Ltd. This suitcase style rigid gift packaging with a memorable handle presentation is ideal for jewelry & accessories packaging brands, gift sets, and promotional packaging.","suitcase jewelry gift box, suitcase boxes, jewelry & accessories packaging, custom gift box, rigid paper box, luxury packaging manufacturer, ShineleeBox","Suitcase Jewelry Gift Box with premium rigid construction, customizable size, printing, insert, and finishing options for jewelry & accessories packaging projects.",Products > Rigid Boxes > Suitcase Boxes | Applications > Jewelry & Accessories Packaging,Premium rigid paper construction; factory custom manufacturing; suitable for brand gift sets; supports small batch testing and bulk production; designed for memorable unboxing.,"Custom size, structure, paper material, printing, foil stamping, embossing/debossing, spot UV, ribbon, magnetic closure, drawer tray, EVA/paper insert, window, handle, logo placement.","MOQ from 50 pcs for selected custom projects; confirm by size, material and finishing."
SC-002,Suitcase Cosmetic Gift Box,Products,Suitcase Boxes,"Beauty, Perfume & Personal Care",,suitcase-cosmetic-gift-box,images/Suitcase_Boxes/SC-002_suitcase-cosmetic-gift-box/SC-002_suitcase-cosmetic-gift-box_01_main_white.jpg,images/Suitcase_Boxes/SC-002_suitcase-cosmetic-gift-box/SC-002_suitcase-cosmetic-gift-box_02_structure_view.jpg,images/Suitcase_Boxes/SC-002_suitcase-cosmetic-gift-box/SC-002_suitcase-cosmetic-gift-box_03_detail_closeup.jpg,images/Suitcase_Boxes/SC-002_suitcase-cosmetic-gift-box/SC-002_suitcase-cosmetic-gift-box_04_scene_marketing.jpg,Suitcase Cosmetic Gift Box | Custom Suitcase Box Manufacturer,"Source custom suitcase cosmetic gift box from Guangzhou Shinelee Paper Product Co., Ltd. This suitcase style rigid gift packaging with a memorable handle presentation is ideal for beauty, perfume & personal care brands, gift sets, and promotional packaging.","suitcase cosmetic gift box, suitcase boxes, beauty, perfume & personal care, custom gift box, rigid paper box, luxury packaging manufacturer, ShineleeBox","Suitcase Cosmetic Gift Box with premium rigid construction, customizable size, printing, insert, and finishing options for beauty, perfume & personal care projects.","Products > Rigid Boxes > Suitcase Boxes | Applications > Beauty, Perfume & Personal Care",Premium rigid paper construction; factory custom manufacturing; suitable for brand gift sets; supports small batch testing and bulk production; designed for memorable unboxing.,"Custom size, structure, paper material, printing, foil stamping, embossing/debossing, spot UV, ribbon, magnetic closure, drawer tray, EVA/paper insert, window, handle, logo placement.","MOQ from 50 pcs for selected custom projects; confirm by size, material and finishing."
SC-003,Suitcase Gift Box with Red Finish,Products,Suitcase Boxes,Corporate & Retail Packaging,,suitcase-gift-box-red-finish,images/Suitcase_Boxes/SC-003_suitcase-gift-box-red-finish/SC-003_suitcase-gift-box-red-finish_01_main_white.jpg,images/Suitcase_Boxes/SC-003_suitcase-gift-box-red-finish/SC-003_suitcase-gift-box-red-finish_02_structure_view.jpg,images/Suitcase_Boxes/SC-003_suitcase-gift-box-red-finish/SC-003_suitcase-gift-box-red-finish_03_detail_closeup.jpg,images/Suitcase_Boxes/SC-003_suitcase-gift-box-red-finish/SC-003_suitcase-gift-box-red-finish_04_scene_marketing.jpg,Suitcase Gift Box with Red Finish | Custom Suitcase Box Manufacturer,"Source custom suitcase gift box with red finish from Guangzhou Shinelee Paper Product Co., Ltd. This suitcase style rigid gift packaging with a memorable handle presentation is ideal for corporate & retail packaging brands, gift sets, and promotional packaging.","suitcase gift box with red finish, suitcase boxes, corporate & retail packaging, custom gift box, rigid paper box, luxury packaging manufacturer, ShineleeBox","Suitcase Gift Box with Red Finish with premium rigid construction, customizable size, printing, insert, and finishing options for corporate & retail packaging projects.",Products > Rigid Boxes > Suitcase Boxes | Applications > Corporate & Retail Packaging,Premium rigid paper construction; factory custom manufacturing; suitable for brand gift sets; supports small batch testing and bulk production; designed for memorable unboxing.,"Custom size, structure, paper material, printing, foil stamping, embossing/debossing, spot UV, ribbon, magnetic closure, drawer tray, EVA/paper insert, window, handle, logo placement.","MOQ from 50 pcs for selected custom projects; confirm by size, material and finishing."
RB-001,Corporate Gift Set Box,Products,Rigid Boxes,Corporate & Retail Packaging,,corporate-gift-set-box,images/Rigid_Boxes/RB-001_corporate-gift-set-box/RB-001_corporate-gift-set-box_01_main_white.jpg,images/Rigid_Boxes/RB-001_corporate-gift-set-box/RB-001_corporate-gift-set-box_02_structure_view.jpg,images/Rigid_Boxes/RB-001_corporate-gift-set-box/RB-001_corporate-gift-set-box_03_detail_closeup.jpg,images/Rigid_Boxes/RB-001_corporate-gift-set-box/RB-001_corporate-gift-set-box_04_scene_marketing.jpg,Corporate Gift Set Box | Custom Rigid Box Manufacturer,"Source custom corporate gift set box from Guangzhou Shinelee Paper Product Co., Ltd. This premium rigid paper gift box packaging for retail, gifting, and promotional use is ideal for corporate & retail packaging brands, gift sets, and promotional packaging.","corporate gift set box, rigid boxes, corporate & retail packaging, custom gift box, rigid paper box, luxury packaging manufacturer, ShineleeBox","Corporate Gift Set Box with premium rigid construction, customizable size, printing, insert, and finishing options for corporate & retail packaging projects.",Products > Rigid Boxes | Applications > Corporate & Retail Packaging,Premium rigid paper construction; factory custom manufacturing; suitable for brand gift sets; supports small batch testing and bulk production; designed for memorable unboxing.,"Custom size, structure, paper material, printing, foil stamping, embossing/debossing, spot UV, ribbon, magnetic closure, drawer tray, EVA/paper insert, window, handle, logo placement.","MOQ from 50 pcs for selected custom projects; confirm by size, material and finishing."
RB-002,Christmas Gingerbread Gift Box,Products,Rigid Boxes,Chocolate & Food Packaging,Christmas Packaging,christmas-gingerbread-gift-box,images/Rigid_Boxes/RB-002_christmas-gingerbread-gift-box/RB-002_christmas-gingerbread-gift-box_01_main_white.jpg,images/Rigid_Boxes/RB-002_christmas-gingerbread-gift-box/RB-002_christmas-gingerbread-gift-box_02_structure_view.jpg,images/Rigid_Boxes/RB-002_christmas-gingerbread-gift-box/RB-002_christmas-gingerbread-gift-box_03_detail_closeup.jpg,images/Rigid_Boxes/RB-002_christmas-gingerbread-gift-box/RB-002_christmas-gingerbread-gift-box_04_scene_marketing.jpg,Christmas Gingerbread Gift Box | Custom Rigid Box Manufacturer,"Source custom christmas gingerbread gift box from Guangzhou Shinelee Paper Product Co., Ltd. This premium rigid paper gift box packaging for retail, gifting, and promotional use is ideal for chocolate & food packaging brands, gift sets, and promotional packaging. Ideal for Christmas Packaging.","christmas gingerbread gift box, rigid boxes, chocolate & food packaging, custom gift box, rigid paper box, luxury packaging manufacturer, ShineleeBox","Christmas Gingerbread Gift Box with premium rigid construction, customizable size, printing, insert, and finishing options for chocolate & food packaging projects.",Products > Rigid Boxes | Applications > Chocolate & Food Packaging | Holiday & Occasions > Christmas Packaging,Premium rigid paper construction; factory custom manufacturing; suitable for brand gift sets; supports small batch testing and bulk production; designed for memorable unboxing.,"Custom size, structure, paper material, printing, foil stamping, embossing/debossing, spot UV, ribbon, magnetic closure, drawer tray, EVA/paper insert, window, handle, logo placement.","MOQ from 50 pcs for selected custom projects; confirm by size, material and finishing."
RB-003,Luxury Perfume Packaging Box,Products,Rigid Boxes,"Beauty, Perfume & Personal Care",,luxury-perfume-packaging-box,images/Rigid_Boxes/RB-003_luxury-perfume-packaging-box/RB-003_luxury-perfume-packaging-box_01_main_white.jpg,images/Rigid_Boxes/RB-003_luxury-perfume-packaging-box/RB-003_luxury-perfume-packaging-box_02_structure_view.jpg,images/Rigid_Boxes/RB-003_luxury-perfume-packaging-box/RB-003_luxury-perfume-packaging-box_03_detail_closeup.jpg,images/Rigid_Boxes/RB-003_luxury-perfume-packaging-box/RB-003_luxury-perfume-packaging-box_04_scene_marketing.jpg,Luxury Perfume Packaging Box | Custom Rigid Box Manufacturer,"Source custom luxury perfume packaging box from Guangzhou Shinelee Paper Product Co., Ltd. This premium rigid paper gift box packaging for retail, gifting, and promotional use is ideal for beauty, perfume & personal care brands, gift sets, and promotional packaging.","luxury perfume packaging box, rigid boxes, beauty, perfume & personal care, custom gift box, rigid paper box, luxury packaging manufacturer, ShineleeBox","Luxury Perfume Packaging Box with premium rigid construction, customizable size, printing, insert, and finishing options for beauty, perfume & personal care projects.","Products > Rigid Boxes | Applications > Beauty, Perfume & Personal Care",Premium rigid paper construction; factory custom manufacturing; suitable for brand gift sets; supports small batch testing and bulk production; designed for memorable unboxing.,"Custom size, structure, paper material, printing, foil stamping, embossing/debossing, spot UV, ribbon, magnetic closure, drawer tray, EVA/paper insert, window, handle, logo placement.","MOQ from 50 pcs for selected custom projects; confirm by size, material and finishing."
RB-004,Premium Date Gift Box,Products,Rigid Boxes,Chocolate & Food Packaging,Ramadan & Eid Packaging,premium-date-gift-box,images/Rigid_Boxes/RB-004_premium-date-gift-box/RB-004_premium-date-gift-box_01_main_white.jpg,images/Rigid_Boxes/RB-004_premium-date-gift-box/RB-004_premium-date-gift-box_02_structure_view.jpg,images/Rigid_Boxes/RB-004_premium-date-gift-box/RB-004_premium-date-gift-box_03_detail_closeup.jpg,images/Rigid_Boxes/RB-004_premium-date-gift-box/RB-004_premium-date-gift-box_04_scene_marketing.jpg,Premium Date Gift Box | Custom Rigid Box Manufacturer,"Source custom premium date gift box from Guangzhou Shinelee Paper Product Co., Ltd. This premium rigid paper gift box packaging for retail, gifting, and promotional use is ideal for chocolate & food packaging brands, gift sets, and promotional packaging. Ideal for Ramadan & Eid Packaging.","premium date gift box, rigid boxes, chocolate & food packaging, custom gift box, rigid paper box, luxury packaging manufacturer, ShineleeBox","Premium Date Gift Box with premium rigid construction, customizable size, printing, insert, and finishing options for chocolate & food packaging projects.",Products > Rigid Boxes | Applications > Chocolate & Food Packaging | Holiday & Occasions > Ramadan & Eid Packaging,Premium rigid paper construction; factory custom manufacturing; suitable for brand gift sets; supports small batch testing and bulk production; designed for memorable unboxing.,"Custom size, structure, paper material, printing, foil stamping, embossing/debossing, spot UV, ribbon, magnetic closure, drawer tray, EVA/paper insert, window, handle, logo placement.","MOQ from 50 pcs for selected custom projects; confirm by size, material and finishing."
RB-005,Premium Jewelry Gift Box,Products,Rigid Boxes,Jewelry & Accessories Packaging,,premium-jewelry-gift-box,images/Rigid_Boxes/RB-005_premium-jewelry-gift-box/RB-005_premium-jewelry-gift-box_01_main_white.jpg,images/Rigid_Boxes/RB-005_premium-jewelry-gift-box/RB-005_premium-jewelry-gift-box_02_structure_view.jpg,images/Rigid_Boxes/RB-005_premium-jewelry-gift-box/RB-005_premium-jewelry-gift-box_03_detail_closeup.jpg,images/Rigid_Boxes/RB-005_premium-jewelry-gift-box/RB-005_premium-jewelry-gift-box_04_scene_marketing.jpg,Premium Jewelry Gift Box | Custom Rigid Box Manufacturer,"Source custom premium jewelry gift box from Guangzhou Shinelee Paper Product Co., Ltd. This premium rigid paper gift box packaging for retail, gifting, and promotional use is ideal for jewelry & accessories packaging brands, gift sets, and promotional packaging.","premium jewelry gift box, rigid boxes, jewelry & accessories packaging, custom gift box, rigid paper box, luxury packaging manufacturer, ShineleeBox","Premium Jewelry Gift Box with premium rigid construction, customizable size, printing, insert, and finishing options for jewelry & accessories packaging projects.",Products > Rigid Boxes | Applications > Jewelry & Accessories Packaging,Premium rigid paper construction; factory custom manufacturing; suitable for brand gift sets; supports small batch testing and bulk production; designed for memorable unboxing.,"Custom size, structure, paper material, printing, foil stamping, embossing/debossing, spot UV, ribbon, magnetic closure, drawer tray, EVA/paper insert, window, handle, logo placement.","MOQ from 50 pcs for selected custom projects; confirm by size, material and finishing."
RB-006,Soft Pink Rigid Gift Box,Products,Rigid Boxes,Corporate & Retail Packaging,,soft-pink-rigid-gift-box,images/Rigid_Boxes/RB-006_soft-pink-rigid-gift-box/RB-006_soft-pink-rigid-gift-box_01_main_white.jpg,images/Rigid_Boxes/RB-006_soft-pink-rigid-gift-box/RB-006_soft-pink-rigid-gift-box_02_structure_view.jpg,images/Rigid_Boxes/RB-006_soft-pink-rigid-gift-box/RB-006_soft-pink-rigid-gift-box_03_detail_closeup.jpg,images/Rigid_Boxes/RB-006_soft-pink-rigid-gift-box/RB-006_soft-pink-rigid-gift-box_04_scene_marketing.jpg,Soft Pink Rigid Gift Box | Custom Rigid Box Manufacturer,"Source custom soft pink rigid gift box from Guangzhou Shinelee Paper Product Co., Ltd. This premium rigid paper gift box packaging for retail, gifting, and promotional use is ideal for corporate & retail packaging brands, gift sets, and promotional packaging.","soft pink rigid gift box, rigid boxes, corporate & retail packaging, custom gift box, rigid paper box, luxury packaging manufacturer, ShineleeBox","Soft Pink Rigid Gift Box with premium rigid construction, customizable size, printing, insert, and finishing options for corporate & retail packaging projects.",Products > Rigid Boxes | Applications > Corporate & Retail Packaging,Premium rigid paper construction; factory custom manufacturing; suitable for brand gift sets; supports small batch testing and bulk production; designed for memorable unboxing.,"Custom size, structure, paper material, printing, foil stamping, embossing/debossing, spot UV, ribbon, magnetic closure, drawer tray, EVA/paper insert, window, handle, logo placement.","MOQ from 50 pcs for selected custom projects; confirm by size, material and finishing."
RB-007,Starry Luxury Gift Box,Products,Rigid Boxes,Corporate & Retail Packaging,Christmas Packaging,starry-luxury-gift-box,images/Rigid_Boxes/RB-007_starry-luxury-gift-box/RB-007_starry-luxury-gift-box_01_main_white.jpg,images/Rigid_Boxes/RB-007_starry-luxury-gift-box/RB-007_starry-luxury-gift-box_02_structure_view.jpg,images/Rigid_Boxes/RB-007_starry-luxury-gift-box/RB-007_starry-luxury-gift-box_03_detail_closeup.jpg,images/Rigid_Boxes/RB-007_starry-luxury-gift-box/RB-007_starry-luxury-gift-box_04_scene_marketing.jpg,Starry Luxury Gift Box | Custom Rigid Box Manufacturer,"Source custom starry luxury gift box from Guangzhou Shinelee Paper Product Co., Ltd. This premium rigid paper gift box packaging for retail, gifting, and promotional use is ideal for corporate & retail packaging brands, gift sets, and promotional packaging. Ideal for Christmas Packaging.","starry luxury gift box, rigid boxes, corporate & retail packaging, custom gift box, rigid paper box, luxury packaging manufacturer, ShineleeBox","Starry Luxury Gift Box with premium rigid construction, customizable size, printing, insert, and finishing options for corporate & retail packaging projects.",Products > Rigid Boxes | Applications > Corporate & Retail Packaging | Holiday & Occasions > Christmas Packaging,Premium rigid paper construction; factory custom manufacturing; suitable for brand gift sets; supports small batch testing and bulk production; designed for memorable unboxing.,"Custom size, structure, paper material, printing, foil stamping, embossing/debossing, spot UV, ribbon, magnetic closure, drawer tray, EVA/paper insert, window, handle, logo placement.","MOQ from 50 pcs for selected custom projects; confirm by size, material and finishing."
RB-008,Heart Shaped Gift Box,Products,Rigid Boxes,Corporate & Retail Packaging,Valentine's Day Packaging,heart-shaped-gift-box,images/Rigid_Boxes/RB-008_heart-shaped-gift-box/RB-008_heart-shaped-gift-box_01_main_white.jpg,images/Rigid_Boxes/RB-008_heart-shaped-gift-box/RB-008_heart-shaped-gift-box_02_structure_view.jpg,images/Rigid_Boxes/RB-008_heart-shaped-gift-box/RB-008_heart-shaped-gift-box_03_detail_closeup.jpg,images/Rigid_Boxes/RB-008_heart-shaped-gift-box/RB-008_heart-shaped-gift-box_04_scene_marketing.jpg,Heart Shaped Gift Box | Custom Rigid Box Manufacturer,"Source custom heart shaped gift box from Guangzhou Shinelee Paper Product Co., Ltd. This premium rigid paper gift box packaging for retail, gifting, and promotional use is ideal for corporate & retail packaging brands, gift sets, and promotional packaging. Ideal for Valentine's Day Packaging.","heart shaped gift box, rigid boxes, corporate & retail packaging, custom gift box, rigid paper box, luxury packaging manufacturer, ShineleeBox","Heart Shaped Gift Box with premium rigid construction, customizable size, printing, insert, and finishing options for corporate & retail packaging projects.",Products > Rigid Boxes | Applications > Corporate & Retail Packaging | Holiday & Occasions > Valentine's Day Packaging,Premium rigid paper construction; factory custom manufacturing; suitable for brand gift sets; supports small batch testing and bulk production; designed for memorable unboxing.,"Custom size, structure, paper material, printing, foil stamping, embossing/debossing, spot UV, ribbon, magnetic closure, drawer tray, EVA/paper insert, window, handle, logo placement.","MOQ from 50 pcs for selected custom projects; confirm by size, material and finishing."
RB-009,Forest Green Premium Gift Box,Products,Rigid Boxes,Corporate & Retail Packaging,,forest-green-premium-gift-box,images/Rigid_Boxes/RB-009_forest-green-premium-gift-box/RB-009_forest-green-premium-gift-box_01_main_white.jpg,images/Rigid_Boxes/RB-009_forest-green-premium-gift-box/RB-009_forest-green-premium-gift-box_02_structure_view.jpg,images/Rigid_Boxes/RB-009_forest-green-premium-gift-box/RB-009_forest-green-premium-gift-box_03_detail_closeup.jpg,images/Rigid_Boxes/RB-009_forest-green-premium-gift-box/RB-009_forest-green-premium-gift-box_04_scene_marketing.jpg,Forest Green Premium Gift Box | Custom Rigid Box Manufacturer,"Source custom forest green premium gift box from Guangzhou Shinelee Paper Product Co., Ltd. This premium rigid paper gift box packaging for retail, gifting, and promotional use is ideal for corporate & retail packaging brands, gift sets, and promotional packaging.","forest green premium gift box, rigid boxes, corporate & retail packaging, custom gift box, rigid paper box, luxury packaging manufacturer, ShineleeBox","Forest Green Premium Gift Box with premium rigid construction, customizable size, printing, insert, and finishing options for corporate & retail packaging projects.",Products > Rigid Boxes | Applications > Corporate & Retail Packaging,Premium rigid paper construction; factory custom manufacturing; suitable for brand gift sets; supports small batch testing and bulk production; designed for memorable unboxing.,"Custom size, structure, paper material, printing, foil stamping, embossing/debossing, spot UV, ribbon, magnetic closure, drawer tray, EVA/paper insert, window, handle, logo placement.","MOQ from 50 pcs for selected custom projects; confirm by size, material and finishing."
RB-010,Star Shaped Gift Box with Ribbon,Products,Rigid Boxes,Corporate & Retail Packaging,Christmas Packaging,star-shaped-gift-box-with-ribbon,images/Rigid_Boxes/RB-010_star-shaped-gift-box-with-ribbon/RB-010_star-shaped-gift-box-with-ribbon_01_main_white.jpg,images/Rigid_Boxes/RB-010_star-shaped-gift-box-with-ribbon/RB-010_star-shaped-gift-box-with-ribbon_02_structure_view.jpg,images/Rigid_Boxes/RB-010_star-shaped-gift-box-with-ribbon/RB-010_star-shaped-gift-box-with-ribbon_03_detail_closeup.jpg,images/Rigid_Boxes/RB-010_star-shaped-gift-box-with-ribbon/RB-010_star-shaped-gift-box-with-ribbon_04_scene_marketing.jpg,Star Shaped Gift Box with Ribbon | Custom Rigid Box Manufacturer,"Source custom star shaped gift box with ribbon from Guangzhou Shinelee Paper Product Co., Ltd. This premium rigid paper gift box packaging for retail, gifting, and promotional use is ideal for corporate & retail packaging brands, gift sets, and promotional packaging. Ideal for Christmas Packaging.","star shaped gift box with ribbon, rigid boxes, corporate & retail packaging, custom gift box, rigid paper box, luxury packaging manufacturer, ShineleeBox","Star Shaped Gift Box with Ribbon with premium rigid construction, customizable size, printing, insert, and finishing options for corporate & retail packaging projects.",Products > Rigid Boxes | Applications > Corporate & Retail Packaging | Holiday & Occasions > Christmas Packaging,Premium rigid paper construction; factory custom manufacturing; suitable for brand gift sets; supports small batch testing and bulk production; designed for memorable unboxing.,"Custom size, structure, paper material, printing, foil stamping, embossing/debossing, spot UV, ribbon, magnetic closure, drawer tray, EVA/paper insert, window, handle, logo placement.","MOQ from 50 pcs for selected custom projects; confirm by size, material and finishing."

SC-004,Safari Animal Suitcase Gift Box,Products,Suitcase Boxes,Kids & Toys Packaging,,safari-animal-suitcase-gift-box,images/products/SC-004_safari-animal-suitcase-gift-box/00_main.jpg,images/products/SC-004_safari-animal-suitcase-gift-box/01_open.jpg,images/products/SC-004_safari-animal-suitcase-gift-box/02_closed.jpg,images/products/SC-004_safari-animal-suitcase-gift-box/03_detail.jpg,Custom Safari Animal Suitcase Gift Box for Kids Toys and Gift Sets,"Premium safari animal suitcase gift box with handle for kids toys, chocolates, stationery and gift sets. Custom rigid paper suitcase packaging with logo, artwork and inserts.","safari suitcase gift box, animal gift box, kids suitcase box, children gift packaging, toy gift box, custom suitcase box, rigid paper gift box, kids keepsake box, safari packaging, custom kids gift box","A premium safari-themed suitcase gift box designed for kids toys, chocolates, stationery and creative gift sets. The rigid paper structure, handle design and reusable storage function make it both practical and memorable.",Products > Rigid Boxes > Suitcase Boxes,"Premium rigid paper construction; Cute safari animal artwork; Reusable suitcase-style keepsake box; Strong handle and metal-style latch effect; Custom logo, size, color and inner tray available; Suitable for toys, chocolates, stationery and gift sets","Custom size, structure, paper material, printing, foil stamping, embossing/debossing, spot UV, ribbon, magnetic closure, drawer tray, EVA/paper insert, window, handle, logo placement.","MOQ from 50 pcs for selected custom projects; confirm by size, material and finishing."
SC-005,Unicorn Princess Suitcase Gift Box,Products,Suitcase Boxes,Kids & Toys Packaging,,unicorn-princess-suitcase-gift-box,images/products/SC-005_unicorn-princess-suitcase-gift-box/00_main.jpg,images/products/SC-005_unicorn-princess-suitcase-gift-box/01_open.jpg,images/products/SC-005_unicorn-princess-suitcase-gift-box/02_closed.jpg,images/products/SC-005_unicorn-princess-suitcase-gift-box/03_detail.jpg,Custom Unicorn Princess Suitcase Gift Box for Kids Cosmetics and Birthday Gifts,"Custom unicorn princess suitcase gift box for kids cosmetics, stationery, toys and birthday gift sets. Premium rigid paper packaging with handle, custom printing and inserts.","unicorn suitcase gift box, princess gift box, girls birthday gift packaging, kids cosmetics box, pink suitcase box, custom kids gift box, children gift packaging, rainbow gift box, rigid paper suitcase box","A dreamy pastel suitcase gift box for girls’ birthday gifts, kids cosmetics, stationery and toy gift sets. Designed with unicorn, rainbow and castle elements for a magical unboxing experience.",Products > Rigid Boxes > Suitcase Boxes,"Dreamy unicorn and rainbow artwork; Premium rigid board structure; Reusable storage and keepsake function; Custom artwork, logo and color available; Suitable for kids cosmetics, stationery, toys and birthday gifts; Optional insert tray for product organization","Custom size, structure, paper material, printing, foil stamping, embossing/debossing, spot UV, ribbon, magnetic closure, drawer tray, EVA/paper insert, window, handle, logo placement.","MOQ from 50 pcs for selected custom projects; confirm by size, material and finishing."
SC-006,Dinosaur Explorer Suitcase Gift Box,Products,Suitcase Boxes,Kids & Toys Packaging,,dinosaur-explorer-suitcase-gift-box,images/products/SC-006_dinosaur-explorer-suitcase-gift-box/00_main.jpg,images/products/SC-006_dinosaur-explorer-suitcase-gift-box/01_open.jpg,images/products/SC-006_dinosaur-explorer-suitcase-gift-box/02_closed.jpg,images/products/SC-006_dinosaur-explorer-suitcase-gift-box/03_detail.jpg,Custom Dinosaur Explorer Suitcase Gift Box for Boys Toys and STEM Kits,"Dinosaur explorer suitcase gift box for kids toys, STEM kits, educational products and birthday gifts. Custom rigid paper suitcase packaging with handle and premium printing.","dinosaur suitcase gift box, dinosaur gift packaging, kids toy packaging, boys birthday gift box, STEM toy packaging, explorer gift box, custom suitcase box, rigid paper gift box, educational toy box","A dinosaur-themed suitcase gift box for children’s toys, STEM kits and educational product sets. The adventure-style artwork and durable structure make it perfect for boys’ birthday gifts and learning kits.",Products > Rigid Boxes > Suitcase Boxes,"Dinosaur explorer theme; Strong rigid paper suitcase structure; Handle design for easy carrying; Custom printing and artwork available; Suitable for toys, STEM kits and educational sets; Reusable storage box for kids","Custom size, structure, paper material, printing, foil stamping, embossing/debossing, spot UV, ribbon, magnetic closure, drawer tray, EVA/paper insert, window, handle, logo placement.","MOQ from 50 pcs for selected custom projects; confirm by size, material and finishing."
SC-007,Space Adventure Suitcase Gift Box,Products,Suitcase Boxes,Kids & Toys Packaging,,space-adventure-suitcase-gift-box,images/products/SC-007_space-adventure-suitcase-gift-box/00_main.jpg,images/products/SC-007_space-adventure-suitcase-gift-box/01_open.jpg,images/products/SC-007_space-adventure-suitcase-gift-box/02_closed.jpg,images/products/SC-007_space-adventure-suitcase-gift-box/03_detail.jpg,Custom Space Adventure Suitcase Gift Box for STEM Toys and Kids Gifts,"Space adventure suitcase gift box for STEM toys, stationery, kids gifts and educational kits. Premium rigid paper packaging with custom printing, handle and inserts.","space suitcase gift box, astronaut gift packaging, STEM toy packaging, kids space gift box, galaxy gift box, custom children packaging, rigid suitcase box, educational toy packaging, space theme gift box","A galaxy-inspired suitcase gift box designed for STEM toys, educational kits, stationery and children’s gift collections. Perfect for brands that want to create a fun and futuristic packaging experience.",Products > Rigid Boxes > Suitcase Boxes,"Space, astronaut and rocket theme; Premium rigid paper construction; Reusable suitcase-style design; Custom insert available; Ideal for STEM toys and educational gifts; Custom logo, artwork, size and finish","Custom size, structure, paper material, printing, foil stamping, embossing/debossing, spot UV, ribbon, magnetic closure, drawer tray, EVA/paper insert, window, handle, logo placement.","MOQ from 50 pcs for selected custom projects; confirm by size, material and finishing."
SC-008,Christmas Candy Suitcase Gift Box,Products,Suitcase Boxes,Kids & Toys Packaging,Christmas Packaging,christmas-candy-suitcase-gift-box,images/products/SC-008_christmas-candy-suitcase-gift-box/00_main.jpg,images/products/SC-008_christmas-candy-suitcase-gift-box/01_open.jpg,images/products/SC-008_christmas-candy-suitcase-gift-box/02_closed.jpg,images/products/SC-008_christmas-candy-suitcase-gift-box/03_detail.jpg,Custom Christmas Candy Suitcase Gift Box for Holiday Chocolate and Kids Gifts,"Christmas candy suitcase gift box for holiday chocolates, candies, cookies, toys and kids gift sets. Custom rigid paper packaging with handle, festive printing and inserts.","Christmas suitcase gift box, Christmas candy box, holiday gift packaging, kids Christmas gift box, chocolate gift box, candy packaging box, custom Christmas box, festive suitcase box, rigid paper gift box","A festive suitcase gift box for Christmas candies, chocolates, cookies, toys and holiday gift sets. Designed to create a joyful seasonal packaging experience for kids and families.",Products > Rigid Boxes > Suitcase Boxes,"Festive Christmas candy theme; Premium rigid paper suitcase structure; Strong handle and reusable design; Custom holiday artwork available; Suitable for chocolate, candy, cookies and toys; Great for seasonal gift promotions","Custom size, structure, paper material, printing, foil stamping, embossing/debossing, spot UV, ribbon, magnetic closure, drawer tray, EVA/paper insert, window, handle, logo placement.","MOQ from 50 pcs for selected custom projects; confirm by size, material and finishing."
SC-009,Ocean Mermaid Suitcase Gift Box,Products,Suitcase Boxes,Kids & Toys Packaging,,ocean-mermaid-suitcase-gift-box,images/products/SC-009_ocean-mermaid-suitcase-gift-box/00_main.jpg,images/products/SC-009_ocean-mermaid-suitcase-gift-box/01_open.jpg,images/products/SC-009_ocean-mermaid-suitcase-gift-box/02_closed.jpg,images/products/SC-009_ocean-mermaid-suitcase-gift-box/03_detail.jpg,Custom Ocean Mermaid Suitcase Gift Box for Kids Gifts and Beauty Sets,"Ocean mermaid suitcase gift box for kids gifts, stationery, cosmetics, toys and beauty sets. Premium rigid paper suitcase packaging with custom printing and inserts.","mermaid suitcase gift box, ocean gift packaging, kids beauty gift box, girls gift packaging, children suitcase box, custom mermaid box, rigid paper gift box, ocean theme packaging, kids cosmetics packaging","A dreamy ocean mermaid suitcase gift box for girls’ gifts, kids beauty sets, stationery, toys and party gift collections. The reusable suitcase structure makes it a beautiful keepsake box.",Products > Rigid Boxes > Suitcase Boxes,"Ocean mermaid fantasy design; Premium rigid paper construction; Reusable keepsake suitcase box; Custom insert for different products; Suitable for kids beauty, stationery, toys and gifts; Custom logo, artwork, color and size available","Custom size, structure, paper material, printing, foil stamping, embossing/debossing, spot UV, ribbon, magnetic closure, drawer tray, EVA/paper insert, window, handle, logo placement.","MOQ from 50 pcs for selected custom projects; confirm by size, material and finishing."
MB-001,Custom Small Flat Kraft Corrugated Cardboard Shipping Box,Products,Mailing Gift Boxes,Shipping & Ecommerce,,kraft-corrugated-shipping-box,images/products/MB-001_kraft-corrugated-shipping-box/00_main.jpg,,,,Custom Small Flat Kraft Corrugated Cardboard Shipping Box | ShineleeBox,High-quality small flat kraft corrugated cardboard shipping boxes for ecommerce. FSC certified materials. MOQ from 50 pcs.,"shipping box, corrugated box, kraft shipping, ecommerce packaging",Premium small flat kraft corrugated box for secure shipping.,Products > Rigid Boxes > Mailing Gift Boxes,3-layer corrugated board; Black kraft paper; 4-color printing; Hot stamping.,Size: 35*26*6cm or custom; Printing: CMYK/Pantone; Material: 3-layer E-flute; Logo: Gold foil / UV,MOQ from 50 pcs for selected custom projects.
MB-002,Corrugated Rigid Mailing Box with Matt Lamination,Products,Mailing Gift Boxes,Shipping & Ecommerce,,rigid-mailing-box-matt-lamination,images/products/MB-002_rigid-mailing-box-matt-lamination/00_main.jpg,,,,Corrugated Rigid Mailing Box with Matt Lamination | ShineleeBox,Luxury corrugated rigid mailing boxes with matt lamination and gold stamping. MOQ from 50 pcs.,"mailing box, rigid mailer, matt lamination, luxury shipping",Premium rigid mailing box with elegant matt finish.,Products > Rigid Boxes > Mailing Gift Boxes,Matt lamination; Gold stamping; Recycled materials; Rigid structure.,Size: 20*18*8cm or custom; Finishing: Matt lamination; Logo: Gold stamping; Material: Rigid corrugated board,MOQ from 50 pcs for selected custom projects.
MB-003,Custom Zipper Shipping Mailer Box (Thickened),Products,Mailing Gift Boxes,Shipping & Ecommerce,,custom-zipper-shipping-mailer-box,images/products/MB-003_custom-zipper-shipping-mailer-box/00_main.jpg,,,,Custom Zipper Shipping Mailer Box (Thickened) | ShineleeBox,Thickened zipper shipping mailer boxes with easy-open tear-peel design. Recyclable corrugated board. MOQ from 50 pcs.,"zipper box, easy open mailer, thickened corrugated, shipping box",Innovative thickened zipper box for safe and easy-open shipping.,Products > Rigid Boxes > Mailing Gift Boxes,Zipper closure; 3mm thickened board; Tear-peel opening; Recyclable.,Size: Custom; Material: 3mm B-flute; Feature: Easy-tear zipper; Printing: Eco-friendly ink,MOQ from 50 pcs for selected custom projects.
MB-004,Black Zippered Corrugated Express Mailing Box,Products,Mailing Gift Boxes,Shipping & Ecommerce,,black-zippered-corrugated-mailing-box,images/products/MB-004_black-zippered-corrugated-mailing-box/00_main.jpg,,,,Black Zippered Corrugated Express Mailing Box | ShineleeBox,Professional black zippered corrugated express mailing boxes. Custom logo and shapes available. MOQ from 50 pcs.,"black mailing box, zippered mailer, express shipping, custom logo box",Sleek black zippered box for modern express shipping.,Products > Rigid Boxes > Mailing Gift Boxes,Zippered design; Custom shapes; Eco-friendly; CMYK/Pantone printing.,Size: Custom; Color: Matte black; Feature: Integrated zipper; Printing: White/Gold ink,MOQ from 50 pcs for selected custom projects.