Product ID,Product Name,URL Slug,Main Category,Subcategory,Application Tags,Holiday Tags,Gift Set,SEO Title,Meta Description,H1,Short Description,Description,Key Features,Best For,Custom Options,Manufacturing Support,CTA,Image Folder,Main Image,Video
AC-001,White Luxury Drawer Advent Calendar Box,white-luxury-drawer-advent-calendar-box,Advent Calendar Boxes,Beauty Advent Calendar Boxes; Advent Calendar Gift Set,Perfume; Beauty; Skincare; Chocolate; Small Gift,Christmas; Holiday Campaign,Yes,Custom White Luxury Advent Calendar Box | Beauty & Perfume Gift Set Packaging,"Custom white luxury advent calendar boxes for beauty, perfume, skincare, chocolate and holiday gift set packaging. Custom drawers, printing, finishing and MOQ from 50 pcs.",White Luxury Drawer Advent Calendar Box,"White Luxury Drawer Advent Calendar Box is a custom advent calendar packaging solution for B2B buyers who need holiday gift set packaging for perfume, beauty, skincare, chocolate, small gift.","White Luxury Drawer Advent Calendar Box is designed for brands that want a more memorable Christmas and holiday unboxing experience. It can be customized for perfume, beauty, skincare, chocolate and small gift products, with flexible drawer layouts, printed artwork and premium finishing options.","Custom Advent Calendar Structure: Designed with a book-style / drawer / display structure to create a clear daily unboxing experience for seasonal campaigns.
Flexible Gift Set Use: Suitable for perfume samples, beauty minis, skincare products, chocolate, candles, jewelry, accessories and small gifts.
Christmas & Holiday Campaign Ready: Ideal for Christmas promotions, holiday gift sets, limited editions, retail displays and influencer gifting.
Brand Customization: Size, artwork, drawer layout, color, logo, printing, foil stamping, inserts and opening method can be customized.
B2B Production Support: ShineleeBox supports structure development, sampling, printing, finishing, hand assembly, quality control and export packing.",Perfume gift sets; Beauty advent calendars; Skincare sample collections; Chocolate and candy gifts; Small gift campaigns; Christmas holiday promotions; Retail and PR gift boxes,"Structure: Book-style opening, drawer layout, custom shape, magnetic closure, ribbon pull, window display and product insert options.
Calendar Days: 12-day, 24-day, 25-day, 30-day or fully customized drawer quantity.
Materials: Rigid board, coated paper, textured paper, specialty paper, velvet-touch paper and FSC paper option.
Printing: CMYK printing, Pantone color matching, full custom artwork and seasonal pattern printing.
Finishing: Gold foil, silver foil, embossing, debossing, spot UV, soft-touch lamination, glitter effect and ribbon decoration.
Inserts: Paper insert, EVA insert, PET tray, acrylic window, product holder and compartment customization.",Structure development; Physical sample making; Printing and finishing; Hand assembly; Quality control; Export packing support.,Contact Lisa at info@slpack.net or WhatsApp +86 18818840878 for a custom quote.,AC-001_white-luxury-drawer-advent-calendar-box,image_01.jpg,
AC-002,Dark Green Premium Advent Calendar Gift Set Box,dark-green-premium-advent-calendar-gift-set-box,Advent Calendar Boxes,Beauty Advent Calendar Boxes; Gift Set Calendar,Perfume; Beauty; Skincare; Chocolate; Small Gift,Christmas; Holiday Campaign,Yes,Custom Dark Green Advent Calendar Gift Set Box | Luxury Holiday Packaging,"Custom dark green advent calendar gift set boxes for perfume, beauty, skincare, chocolate and small gifts. Premium drawer structure and custom printing.",Dark Green Premium Advent Calendar Gift Set Box,"Dark Green Premium Advent Calendar Gift Set Box is a custom advent calendar packaging solution for B2B buyers who need holiday gift set packaging for perfume, beauty, skincare, chocolate, small gift.","Dark Green Premium Advent Calendar Gift Set Box is designed for brands that want a more memorable Christmas and holiday unboxing experience. It can be customized for perfume, beauty, skincare, chocolate and small gift products, with flexible drawer layouts, printed artwork and premium finishing options.","Custom Advent Calendar Structure: Designed with a book-style / drawer / premium rigid structure to create a clear daily unboxing experience for seasonal campaigns.
Flexible Gift Set Use: Suitable for perfume samples, beauty minis, skincare products, chocolate, candles, jewelry, accessories and small gifts.
Christmas & Holiday Campaign Ready: Ideal for Christmas promotions, holiday gift sets, limited editions, retail displays and influencer gifting.
Brand Customization: Size, artwork, drawer layout, color, logo, printing, foil stamping, inserts and opening method can be customized.
B2B Production Support: ShineleeBox supports structure development, sampling, printing, finishing, hand assembly, quality control and export packing.",Perfume gift sets; Beauty advent calendars; Skincare sample collections; Chocolate and candy gifts; Small gift campaigns; Christmas holiday promotions; Retail and PR gift boxes,"Structure: Book-style opening, drawer layout, custom shape, magnetic closure, ribbon pull, window display and product insert options.
Calendar Days: 12-day, 24-day, 25-day, 30-day or fully customized drawer quantity.
Materials: Rigid board, coated paper, textured paper, specialty paper, velvet-touch paper and FSC paper option.
Printing: CMYK printing, Pantone color matching, full custom artwork and seasonal pattern printing.
Finishing: Gold foil, silver foil, embossing, debossing, spot UV, soft-touch lamination, glitter effect and ribbon decoration.
Inserts: Paper insert, EVA insert, PET tray, acrylic window, product holder and compartment customization.",Structure development; Physical sample making; Printing and finishing; Hand assembly; Quality control; Export packing support.,Contact Lisa at info@slpack.net or WhatsApp +86 18818840878 for a custom quote.,AC-002_dark-green-premium-advent-calendar-gift-set-box,image_01.jpg,
AC-005,Pink Nutcracker Advent Calendar Box,pink-nutcracker-advent-calendar-box,Advent Calendar Boxes,Christmas Advent Calendar Boxes; Beauty Calendar,Perfume; Beauty; Skincare; Chocolate; Small Gift,Christmas; Holiday Campaign,Yes,Custom Nutcracker Advent Calendar Box | Christmas Gift Set Packaging,"Custom nutcracker advent calendar boxes for Christmas gift sets, beauty, skincare, chocolate and small holiday gifts.",Pink Nutcracker Advent Calendar Box,"Pink Nutcracker Advent Calendar Box is a custom advent calendar packaging solution for B2B buyers who need holiday gift set packaging for perfume, beauty, skincare, chocolate, small gift.","Pink Nutcracker Advent Calendar Box is designed for brands that want a more memorable Christmas and holiday unboxing experience. It can be customized for perfume, beauty, skincare, chocolate and small gift products, with flexible drawer layouts, printed artwork and premium finishing options.","Custom Advent Calendar Structure: Designed with a book-style / stage display / drawer structure to create a clear daily unboxing experience for seasonal campaigns.
Flexible Gift Set Use: Suitable for perfume samples, beauty minis, skincare products, chocolate, candles, jewelry, accessories and small gifts.
Christmas & Holiday Campaign Ready: Ideal for Christmas promotions, holiday gift sets, limited editions, retail displays and influencer gifting.
Brand Customization: Size, artwork, drawer layout, color, logo, printing, foil stamping, inserts and opening method can be customized.
B2B Production Support: ShineleeBox supports structure development, sampling, printing, finishing, hand assembly, quality control and export packing.",Perfume gift sets; Beauty advent calendars; Skincare sample collections; Chocolate and candy gifts; Small gift campaigns; Christmas holiday promotions; Retail and PR gift boxes,"Structure: Book-style opening, drawer layout, custom shape, magnetic closure, ribbon pull, window display and product insert options.
Calendar Days: 12-day, 24-day, 25-day, 30-day or fully customized drawer quantity.
Materials: Rigid board, coated paper, textured paper, specialty paper, velvet-touch paper and FSC paper option.
Printing: CMYK printing, Pantone color matching, full custom artwork and seasonal pattern printing.
Finishing: Gold foil, silver foil, embossing, debossing, spot UV, soft-touch lamination, glitter effect and ribbon decoration.
Inserts: Paper insert, EVA insert, PET tray, acrylic window, product holder and compartment customization.",Structure development; Physical sample making; Printing and finishing; Hand assembly; Quality control; Export packing support.,Contact Lisa at info@slpack.net or WhatsApp +86 18818840878 for a custom quote.,AC-005_pink-nutcracker-advent-calendar-box,image_01.jpg,
AC-006,Christmas House Advent Calendar Box,christmas-house-advent-calendar-box,Advent Calendar Boxes,Custom Shape Advent Calendar Boxes; Christmas Calendar,Perfume; Beauty; Skincare; Chocolate; Small Gift,Christmas,Yes,Custom House Advent Calendar Box | Christmas Gift Packaging,"Custom house-shaped advent calendar boxes for Christmas gift packaging, beauty samples, chocolate, skincare and small gifts.",Christmas House Advent Calendar Box,"Christmas House Advent Calendar Box is a custom advent calendar packaging solution for B2B buyers who need holiday gift set packaging for perfume, beauty, skincare, chocolate, small gift.","Christmas House Advent Calendar Box is designed for brands that want a more memorable Christmas and holiday unboxing experience. It can be customized for perfume, beauty, skincare, chocolate and small gift products, with flexible drawer layouts, printed artwork and premium finishing options.","Custom Shape Structure: The house shape / book-style / drawer design creates stronger shelf impact than standard rectangular calendar boxes.
Flexible Gift Set Use: Suitable for perfume samples, beauty minis, skincare products, chocolate, candles, jewelry, accessories and small gifts.
Christmas & Holiday Campaign Ready: Ideal for Christmas promotions, holiday gift sets, limited editions, retail displays and influencer gifting.
Brand Customization: Size, artwork, drawer layout, color, logo, printing, foil stamping, inserts and opening method can be customized.
B2B Production Support: ShineleeBox supports structure development, sampling, printing, finishing, hand assembly, quality control and export packing.",Perfume gift sets; Beauty advent calendars; Skincare sample collections; Chocolate and candy gifts; Small gift campaigns; Christmas holiday promotions; Retail and PR gift boxes,"Structure: Book-style opening, drawer layout, custom shape, magnetic closure, ribbon pull, window display and product insert options.
Calendar Days: 12-day, 24-day, 25-day, 30-day or fully customized drawer quantity.
Materials: Rigid board, coated paper, textured paper, specialty paper, velvet-touch paper and FSC paper option.
Printing: CMYK printing, Pantone color matching, full custom artwork and seasonal pattern printing.
Finishing: Gold foil, silver foil, embossing, debossing, spot UV, soft-touch lamination, glitter effect and ribbon decoration.
Inserts: Paper insert, EVA insert, PET tray, acrylic window, product holder and compartment customization.",Structure development; Physical sample making; Printing and finishing; Hand assembly; Quality control; Export packing support.,Contact Lisa at info@slpack.net or WhatsApp +86 18818840878 for a custom quote.,AC-006_christmas-house-advent-calendar-box,image_01.jpg,
AC-009,Red Window Advent Calendar Gift Set Box,red-window-advent-calendar-gift-set-box,Advent Calendar Boxes,Beauty Advent Calendar Boxes; Gift Set Calendar,Perfume; Beauty; Skincare; Chocolate; Small Gift,Christmas; Holiday Campaign,Yes,Custom Window Advent Calendar Gift Set Box | Beauty Holiday Packaging,"Custom window advent calendar gift set boxes for beauty, perfume, skincare, chocolate and holiday product display packaging.",Red Window Advent Calendar Gift Set Box,"Red Window Advent Calendar Gift Set Box is a custom advent calendar packaging solution for B2B buyers who need holiday gift set packaging for perfume, beauty, skincare, chocolate, small gift.","Red Window Advent Calendar Gift Set Box is designed for brands that want a more memorable Christmas and holiday unboxing experience. It can be customized for perfume, beauty, skincare, chocolate and small gift products, with flexible drawer layouts, printed artwork and premium finishing options.","Custom Advent Calendar Structure: Designed with a window display / drawer / gift set structure to create a clear daily unboxing experience for seasonal campaigns.
Flexible Gift Set Use: Suitable for perfume samples, beauty minis, skincare products, chocolate, candles, jewelry, accessories and small gifts.
Christmas & Holiday Campaign Ready: Ideal for Christmas promotions, holiday gift sets, limited editions, retail displays and influencer gifting.
Brand Customization: Size, artwork, drawer layout, color, logo, printing, foil stamping, inserts and opening method can be customized.
B2B Production Support: ShineleeBox supports structure development, sampling, printing, finishing, hand assembly, quality control and export packing.",Perfume gift sets; Beauty advent calendars; Skincare sample collections; Chocolate and candy gifts; Small gift campaigns; Christmas holiday promotions; Retail and PR gift boxes,"Structure: Book-style opening, drawer layout, custom shape, magnetic closure, ribbon pull, window display and product insert options.
Calendar Days: 12-day, 24-day, 25-day, 30-day or fully customized drawer quantity.
Materials: Rigid board, coated paper, textured paper, specialty paper, velvet-touch paper and FSC paper option.
Printing: CMYK printing, Pantone color matching, full custom artwork and seasonal pattern printing.
Finishing: Gold foil, silver foil, embossing, debossing, spot UV, soft-touch lamination, glitter effect and ribbon decoration.
Inserts: Paper insert, EVA insert, PET tray, acrylic window, product holder and compartment customization.",Structure development; Physical sample making; Printing and finishing; Hand assembly; Quality control; Export packing support.,Contact Lisa at info@slpack.net or WhatsApp +86 18818840878 for a custom quote.,AC-009_red-window-advent-calendar-gift-set-box,image_01.jpg,
AC-010,Small House Shape Advent Calendar Box,small-house-shape-advent-calendar-box,Advent Calendar Boxes,Custom Shape Advent Calendar Boxes; Christmas Calendar,Perfume; Beauty; Skincare; Chocolate; Small Gift,Christmas,Yes,Custom Small House Advent Calendar Box | Christmas Gift Set Packaging,"Custom small house advent calendar boxes for Christmas gift sets, beauty minis, chocolate, skincare and small gifts.",Small House Shape Advent Calendar Box,"Small House Shape Advent Calendar Box is a custom advent calendar packaging solution for B2B buyers who need holiday gift set packaging for perfume, beauty, skincare, chocolate, small gift.","Small House Shape Advent Calendar Box is designed for brands that want a more memorable Christmas and holiday unboxing experience. It can be customized for perfume, beauty, skincare, chocolate and small gift products, with flexible drawer layouts, printed artwork and premium finishing options.","Custom Shape Structure: The house shape / drawer design creates stronger shelf impact than standard rectangular calendar boxes.
Flexible Gift Set Use: Suitable for perfume samples, beauty minis, skincare products, chocolate, candles, jewelry, accessories and small gifts.
Christmas & Holiday Campaign Ready: Ideal for Christmas promotions, holiday gift sets, limited editions, retail displays and influencer gifting.
Brand Customization: Size, artwork, drawer layout, color, logo, printing, foil stamping, inserts and opening method can be customized.
B2B Production Support: ShineleeBox supports structure development, sampling, printing, finishing, hand assembly, quality control and export packing.",Perfume gift sets; Beauty advent calendars; Skincare sample collections; Chocolate and candy gifts; Small gift campaigns; Christmas holiday promotions; Retail and PR gift boxes,"Structure: Book-style opening, drawer layout, custom shape, magnetic closure, ribbon pull, window display and product insert options.
Calendar Days: 12-day, 24-day, 25-day, 30-day or fully customized drawer quantity.
Materials: Rigid board, coated paper, textured paper, specialty paper, velvet-touch paper and FSC paper option.
Printing: CMYK printing, Pantone color matching, full custom artwork and seasonal pattern printing.
Finishing: Gold foil, silver foil, embossing, debossing, spot UV, soft-touch lamination, glitter effect and ribbon decoration.
Inserts: Paper insert, EVA insert, PET tray, acrylic window, product holder and compartment customization.",Structure development; Physical sample making; Printing and finishing; Hand assembly; Quality control; Export packing support.,Contact Lisa at info@slpack.net or WhatsApp +86 18818840878 for a custom quote.,AC-010_small-house-shape-advent-calendar-box,image_01.jpg,
AC-011,White Red Drawer Advent Calendar Box,white-red-drawer-advent-calendar-box,Advent Calendar Boxes,Beauty Advent Calendar Boxes; Drawer Calendar,Perfume; Beauty; Skincare; Chocolate; Small Gift,Christmas; Holiday Campaign,Yes,Custom Drawer Advent Calendar Box | Beauty & Gift Set Packaging,"Custom drawer advent calendar boxes for beauty, perfume, skincare, chocolate and small holiday gift sets.",White Red Drawer Advent Calendar Box,"White Red Drawer Advent Calendar Box is a custom advent calendar packaging solution for B2B buyers who need holiday gift set packaging for perfume, beauty, skincare, chocolate, small gift.","White Red Drawer Advent Calendar Box is designed for brands that want a more memorable Christmas and holiday unboxing experience. It can be customized for perfume, beauty, skincare, chocolate and small gift products, with flexible drawer layouts, printed artwork and premium finishing options.","Custom Advent Calendar Structure: Designed with a book-style / drawer / rigid structure to create a clear daily unboxing experience for seasonal campaigns.
Flexible Gift Set Use: Suitable for perfume samples, beauty minis, skincare products, chocolate, candles, jewelry, accessories and small gifts.
Christmas & Holiday Campaign Ready: Ideal for Christmas promotions, holiday gift sets, limited editions, retail displays and influencer gifting.
Brand Customization: Size, artwork, drawer layout, color, logo, printing, foil stamping, inserts and opening method can be customized.
B2B Production Support: ShineleeBox supports structure development, sampling, printing, finishing, hand assembly, quality control and export packing.",Perfume gift sets; Beauty advent calendars; Skincare sample collections; Chocolate and candy gifts; Small gift campaigns; Christmas holiday promotions; Retail and PR gift boxes,"Structure: Book-style opening, drawer layout, custom shape, magnetic closure, ribbon pull, window display and product insert options.
Calendar Days: 12-day, 24-day, 25-day, 30-day or fully customized drawer quantity.
Materials: Rigid board, coated paper, textured paper, specialty paper, velvet-touch paper and FSC paper option.
Printing: CMYK printing, Pantone color matching, full custom artwork and seasonal pattern printing.
Finishing: Gold foil, silver foil, embossing, debossing, spot UV, soft-touch lamination, glitter effect and ribbon decoration.
Inserts: Paper insert, EVA insert, PET tray, acrylic window, product holder and compartment customization.",Structure development; Physical sample making; Printing and finishing; Hand assembly; Quality control; Export packing support.,Contact Lisa at info@slpack.net or WhatsApp +86 18818840878 for a custom quote.,AC-011_white-red-drawer-advent-calendar-box,image_01.jpg,
AC-012,Round Rotating Advent Calendar Box,round-rotating-advent-calendar-box,Advent Calendar Boxes,Custom Shape Advent Calendar Boxes; Gift Set Calendar,Perfume; Beauty; Skincare; Chocolate; Small Gift,Christmas; Holiday Campaign,Yes,Custom Round Rotating Advent Calendar Box | Custom Shape Gift Packaging,"Custom round rotating advent calendar boxes for beauty, skincare, perfume, chocolate and small gifts with custom structure and printing.",Round Rotating Advent Calendar Box,"Round Rotating Advent Calendar Box is a custom advent calendar packaging solution for B2B buyers who need holiday gift set packaging for perfume, beauty, skincare, chocolate, small gift.","Round Rotating Advent Calendar Box is designed for brands that want a more memorable Christmas and holiday unboxing experience. It can be customized for perfume, beauty, skincare, chocolate and small gift products, with flexible drawer layouts, printed artwork and premium finishing options.","Custom Shape Structure: The round / rotating / paper structure design creates stronger shelf impact than standard rectangular calendar boxes.
Flexible Gift Set Use: Suitable for perfume samples, beauty minis, skincare products, chocolate, candles, jewelry, accessories and small gifts.
Christmas & Holiday Campaign Ready: Ideal for Christmas promotions, holiday gift sets, limited editions, retail displays and influencer gifting.
Brand Customization: Size, artwork, drawer layout, color, logo, printing, foil stamping, inserts and opening method can be customized.
B2B Production Support: ShineleeBox supports structure development, sampling, printing, finishing, hand assembly, quality control and export packing.",Perfume gift sets; Beauty advent calendars; Skincare sample collections; Chocolate and candy gifts; Small gift campaigns; Christmas holiday promotions; Retail and PR gift boxes,"Structure: Book-style opening, drawer layout, custom shape, magnetic closure, ribbon pull, window display and product insert options.
Calendar Days: 12-day, 24-day, 25-day, 30-day or fully customized drawer quantity.
Materials: Rigid board, coated paper, textured paper, specialty paper, velvet-touch paper and FSC paper option.
Printing: CMYK printing, Pantone color matching, full custom artwork and seasonal pattern printing.
Finishing: Gold foil, silver foil, embossing, debossing, spot UV, soft-touch lamination, glitter effect and ribbon decoration.
Inserts: Paper insert, EVA insert, PET tray, acrylic window, product holder and compartment customization.",Structure development; Physical sample making; Printing and finishing; Hand assembly; Quality control; Export packing support.,Contact Lisa at info@slpack.net or WhatsApp +86 18818840878 for a custom quote.,AC-012_round-rotating-advent-calendar-box,image_01.jpg,
AC-013,Carousel Tent Advent Calendar Box,carousel-tent-advent-calendar-box,Advent Calendar Boxes,Custom Shape Advent Calendar Boxes; Christmas Calendar; Gift Set Calendar,Perfume; Beauty; Skincare; Chocolate; Small Gift; Kids Gift,Christmas; Kids Holiday Gift,Yes,Custom Carousel Advent Calendar Box | Christmas Gift Calendar Packaging,"Custom carousel advent calendar boxes for Christmas gifts, chocolate, beauty minis and small holiday gift campaigns. Custom shape and drawer structure.",Carousel Tent Advent Calendar Box,"Carousel Tent Advent Calendar Box is a custom advent calendar packaging solution for B2B buyers who need holiday gift set packaging for perfume, beauty, skincare, chocolate, small gift, kids gift.","Carousel Tent Advent Calendar Box is designed for brands that want a more memorable Christmas and holiday unboxing experience. It can be customized for perfume, beauty, skincare, chocolate and small gift products, with flexible drawer layouts, printed artwork and premium finishing options.","Custom Shape Structure: The carousel / round / drawer / tent shape design creates stronger shelf impact than standard rectangular calendar boxes.
Flexible Gift Set Use: Suitable for perfume samples, beauty minis, skincare products, chocolate, candles, jewelry, accessories and small gifts.
Christmas & Holiday Campaign Ready: Ideal for Christmas promotions, holiday gift sets, limited editions, retail displays and influencer gifting.
Brand Customization: Size, artwork, drawer layout, color, logo, printing, foil stamping, inserts and opening method can be customized.
B2B Production Support: ShineleeBox supports structure development, sampling, printing, finishing, hand assembly, quality control and export packing.",Perfume gift sets; Beauty advent calendars; Skincare sample collections; Chocolate and candy gifts; Small gift campaigns; Christmas holiday promotions; Retail and PR gift boxes; Kids gift calendars,"Structure: Book-style opening, drawer layout, custom shape, magnetic closure, ribbon pull, window display and product insert options.
Calendar Days: 12-day, 24-day, 25-day, 30-day or fully customized drawer quantity.
Materials: Rigid board, coated paper, textured paper, specialty paper, velvet-touch paper and FSC paper option.
Printing: CMYK printing, Pantone color matching, full custom artwork and seasonal pattern printing.
Finishing: Gold foil, silver foil, embossing, debossing, spot UV, soft-touch lamination, glitter effect and ribbon decoration.
Inserts: Paper insert, EVA insert, PET tray, acrylic window, product holder and compartment customization.",Structure development; Physical sample making; Printing and finishing; Hand assembly; Quality control; Export packing support.,Contact Lisa at info@slpack.net or WhatsApp +86 18818840878 for a custom quote.,AC-013_carousel-tent-advent-calendar-box,image_01.jpg,video_01.mp4
AC-014,Pink Arch Jewelry Advent Calendar Box,pink-arch-jewelry-advent-calendar-box,Advent Calendar Boxes,Jewelry Advent Calendar Boxes; Beauty Calendar; Custom Shape Calendar,Perfume; Beauty; Skincare; Chocolate; Small Gift; Jewelry,Christmas; Holiday Campaign,Yes,Custom Pink Arch Advent Calendar Box | Jewelry & Beauty Gift Packaging,"Custom pink arch advent calendar boxes for jewelry, beauty, skincare and small holiday gift set packaging.",Pink Arch Jewelry Advent Calendar Box,"Pink Arch Jewelry Advent Calendar Box is a custom advent calendar packaging solution for B2B buyers who need holiday gift set packaging for perfume, beauty, skincare, chocolate, small gift, jewelry.","Pink Arch Jewelry Advent Calendar Box is designed for brands that want a more memorable Christmas and holiday unboxing experience. It can be customized for perfume, beauty, skincare, chocolate and small gift products, with flexible drawer layouts, printed artwork and premium finishing options.","Custom Shape Structure: The arch shape / drawer / ribbon design creates stronger shelf impact than standard rectangular calendar boxes.
Flexible Gift Set Use: Suitable for perfume samples, beauty minis, skincare products, chocolate, candles, jewelry, accessories and small gifts.
Christmas & Holiday Campaign Ready: Ideal for Christmas promotions, holiday gift sets, limited editions, retail displays and influencer gifting.
Brand Customization: Size, artwork, drawer layout, color, logo, printing, foil stamping, inserts and opening method can be customized.
B2B Production Support: ShineleeBox supports structure development, sampling, printing, finishing, hand assembly, quality control and export packing.",Perfume gift sets; Beauty advent calendars; Skincare sample collections; Chocolate and candy gifts; Small gift campaigns; Christmas holiday promotions; Retail and PR gift boxes; Jewelry and accessories calendars,"Structure: Book-style opening, drawer layout, custom shape, magnetic closure, ribbon pull, window display and product insert options.
Calendar Days: 12-day, 24-day, 25-day, 30-day or fully customized drawer quantity.
Materials: Rigid board, coated paper, textured paper, specialty paper, velvet-touch paper and FSC paper option.
Printing: CMYK printing, Pantone color matching, full custom artwork and seasonal pattern printing.
Finishing: Gold foil, silver foil, embossing, debossing, spot UV, soft-touch lamination, glitter effect and ribbon decoration.
Inserts: Paper insert, EVA insert, PET tray, acrylic window, product holder and compartment customization.",Structure development; Physical sample making; Printing and finishing; Hand assembly; Quality control; Export packing support.,Contact Lisa at info@slpack.net or WhatsApp +86 18818840878 for a custom quote.,AC-014_pink-arch-jewelry-advent-calendar-box,image_01.jpg,
AC-015,Red Round Christmas Advent Calendar Box,red-round-christmas-advent-calendar-box,Advent Calendar Boxes,Christmas Advent Calendar Boxes; Chocolate Advent Calendar Boxes,Perfume; Beauty; Skincare; Chocolate; Small Gift,Christmas,Yes,Custom Round Christmas Advent Calendar Box | Holiday Gift Packaging,"Custom round Christmas advent calendar boxes for chocolate, beauty, skincare, small gifts and holiday gift campaigns.",Red Round Christmas Advent Calendar Box,"Red Round Christmas Advent Calendar Box is a custom advent calendar packaging solution for B2B buyers who need holiday gift set packaging for perfume, beauty, skincare, chocolate, small gift.","Red Round Christmas Advent Calendar Box is designed for brands that want a more memorable Christmas and holiday unboxing experience. It can be customized for perfume, beauty, skincare, chocolate and small gift products, with flexible drawer layouts, printed artwork and premium finishing options.","Custom Shape Structure: The round / cylinder / drawers design creates stronger shelf impact than standard rectangular calendar boxes.
Flexible Gift Set Use: Suitable for perfume samples, beauty minis, skincare products, chocolate, candles, jewelry, accessories and small gifts.
Christmas & Holiday Campaign Ready: Ideal for Christmas promotions, holiday gift sets, limited editions, retail displays and influencer gifting.
Brand Customization: Size, artwork, drawer layout, color, logo, printing, foil stamping, inserts and opening method can be customized.
B2B Production Support: ShineleeBox supports structure development, sampling, printing, finishing, hand assembly, quality control and export packing.",Perfume gift sets; Beauty advent calendars; Skincare sample collections; Chocolate and candy gifts; Small gift campaigns; Christmas holiday promotions; Retail and PR gift boxes,"Structure: Book-style opening, drawer layout, custom shape, magnetic closure, ribbon pull, window display and product insert options.
Calendar Days: 12-day, 24-day, 25-day, 30-day or fully customized drawer quantity.
Materials: Rigid board, coated paper, textured paper, specialty paper, velvet-touch paper and FSC paper option.
Printing: CMYK printing, Pantone color matching, full custom artwork and seasonal pattern printing.
Finishing: Gold foil, silver foil, embossing, debossing, spot UV, soft-touch lamination, glitter effect and ribbon decoration.
Inserts: Paper insert, EVA insert, PET tray, acrylic window, product holder and compartment customization.",Structure development; Physical sample making; Printing and finishing; Hand assembly; Quality control; Export packing support.,Contact Lisa at info@slpack.net or WhatsApp +86 18818840878 for a custom quote.,AC-015_red-round-christmas-advent-calendar-box,image_01.jpg,
AC-016,Green Custom Shape Advent Calendar Box,green-custom-shape-advent-calendar-box,Advent Calendar Boxes,Custom Shape Advent Calendar Boxes; Gift Set Calendar,Perfume; Beauty; Skincare; Chocolate; Small Gift,Christmas; Holiday Campaign,Yes,Custom Green Shape Advent Calendar Box | Holiday Gift Set Packaging,"Custom green shape advent calendar boxes for perfume, beauty, skincare, chocolate and small holiday gift set packaging.",Green Custom Shape Advent Calendar Box,"Green Custom Shape Advent Calendar Box is a custom advent calendar packaging solution for B2B buyers who need holiday gift set packaging for perfume, beauty, skincare, chocolate, small gift.","Green Custom Shape Advent Calendar Box is designed for brands that want a more memorable Christmas and holiday unboxing experience. It can be customized for perfume, beauty, skincare, chocolate and small gift products, with flexible drawer layouts, printed artwork and premium finishing options.","Custom Shape Structure: The custom shape / drawer / display design creates stronger shelf impact than standard rectangular calendar boxes.
Flexible Gift Set Use: Suitable for perfume samples, beauty minis, skincare products, chocolate, candles, jewelry, accessories and small gifts.
Christmas & Holiday Campaign Ready: Ideal for Christmas promotions, holiday gift sets, limited editions, retail displays and influencer gifting.
Brand Customization: Size, artwork, drawer layout, color, logo, printing, foil stamping, inserts and opening method can be customized.
B2B Production Support: ShineleeBox supports structure development, sampling, printing, finishing, hand assembly, quality control and export packing.",Perfume gift sets; Beauty advent calendars; Skincare sample collections; Chocolate and candy gifts; Small gift campaigns; Christmas holiday promotions; Retail and PR gift boxes,"Structure: Book-style opening, drawer layout, custom shape, magnetic closure, ribbon pull, window display and product insert options.
Calendar Days: 12-day, 24-day, 25-day, 30-day or fully customized drawer quantity.
Materials: Rigid board, coated paper, textured paper, specialty paper, velvet-touch paper and FSC paper option.
Printing: CMYK printing, Pantone color matching, full custom artwork and seasonal pattern printing.
Finishing: Gold foil, silver foil, embossing, debossing, spot UV, soft-touch lamination, glitter effect and ribbon decoration.
Inserts: Paper insert, EVA insert, PET tray, acrylic window, product holder and compartment customization.",Structure development; Physical sample making; Printing and finishing; Hand assembly; Quality control; Export packing support.,Contact Lisa at info@slpack.net or WhatsApp +86 18818840878 for a custom quote.,AC-016_green-custom-shape-advent-calendar-box,image_01.jpg,
AC-017,T-Shape Premium Advent Calendar Box,t-shape-premium-advent-calendar-box,Advent Calendar Boxes,Custom Shape Advent Calendar Boxes; Advent Calendar Gift Set,Perfume; Beauty; Skincare; Chocolate; Small Gift,Christmas; Holiday Campaign,Yes,Custom T-Shape Advent Calendar Box | Premium Christmas Gift Set Packaging,"Custom T-shape advent calendar boxes for perfume, beauty, skincare, chocolate and small Christmas gift set packaging with custom drawers and printing.",T-Shape Premium Advent Calendar Box,"T-Shape Premium Advent Calendar Box is a custom advent calendar packaging solution for B2B buyers who need holiday gift set packaging for perfume, beauty, skincare, chocolate, small gift.","T-Shape Premium Advent Calendar Box is designed for brands that want a more memorable Christmas and holiday unboxing experience. It can be customized for perfume, beauty, skincare, chocolate and small gift products, with flexible drawer layouts, printed artwork and premium finishing options.","Custom Shape Structure: The t-shape / book-style / drawer / display design creates stronger shelf impact than standard rectangular calendar boxes.
Flexible Gift Set Use: Suitable for perfume samples, beauty minis, skincare products, chocolate, candles, jewelry, accessories and small gifts.
Christmas & Holiday Campaign Ready: Ideal for Christmas promotions, holiday gift sets, limited editions, retail displays and influencer gifting.
Brand Customization: Size, artwork, drawer layout, color, logo, printing, foil stamping, inserts and opening method can be customized.
B2B Production Support: ShineleeBox supports structure development, sampling, printing, finishing, hand assembly, quality control and export packing.",Perfume gift sets; Beauty advent calendars; Skincare sample collections; Chocolate and candy gifts; Small gift campaigns; Christmas holiday promotions; Retail and PR gift boxes,"Structure: Book-style opening, drawer layout, custom shape, magnetic closure, ribbon pull, window display and product insert options.
Calendar Days: 12-day, 24-day, 25-day, 30-day or fully customized drawer quantity.
Materials: Rigid board, coated paper, textured paper, specialty paper, velvet-touch paper and FSC paper option.
Printing: CMYK printing, Pantone color matching, full custom artwork and seasonal pattern printing.
Finishing: Gold foil, silver foil, embossing, debossing, spot UV, soft-touch lamination, glitter effect and ribbon decoration.
Inserts: Paper insert, EVA insert, PET tray, acrylic window, product holder and compartment customization.",Structure development; Physical sample making; Printing and finishing; Hand assembly; Quality control; Export packing support.,Contact Lisa at info@slpack.net or WhatsApp +86 18818840878 for a custom quote.,AC-017_t-shape-premium-advent-calendar-box,image_01.jpg,
AC-018,Double-Door Advent Calendar Box,double-door-advent-calendar-box,Advent Calendar Boxes,Christmas Advent Calendar Boxes; Beauty Advent Calendar Boxes; Advent Calendar Gift Set,Perfume; Beauty; Skincare; Chocolate; Small Gift,Christmas; Holiday Campaign,Yes,Custom Double-Door Advent Calendar Box | Beauty & Christmas Gift Packaging,"Custom double-door advent calendar boxes for beauty, perfume, skincare, chocolate and small Christmas gift sets. Custom size, artwork and drawers.",Double-Door Advent Calendar Box,"Double-Door Advent Calendar Box is a custom advent calendar packaging solution for B2B buyers who need holiday gift set packaging for perfume, beauty, skincare, chocolate, small gift.","Double-Door Advent Calendar Box is designed for brands that want a more memorable Christmas and holiday unboxing experience. It can be customized for perfume, beauty, skincare, chocolate and small gift products, with flexible drawer layouts, printed artwork and premium finishing options.","Custom Shape Structure: The double-door / book-style / drawer design creates stronger shelf impact than standard rectangular calendar boxes.
Flexible Gift Set Use: Suitable for perfume samples, beauty minis, skincare products, chocolate, candles, jewelry, accessories and small gifts.
Christmas & Holiday Campaign Ready: Ideal for Christmas promotions, holiday gift sets, limited editions, retail displays and influencer gifting.
Brand Customization: Size, artwork, drawer layout, color, logo, printing, foil stamping, inserts and opening method can be customized.
B2B Production Support: ShineleeBox supports structure development, sampling, printing, finishing, hand assembly, quality control and export packing.",Perfume gift sets; Beauty advent calendars; Skincare sample collections; Chocolate and candy gifts; Small gift campaigns; Christmas holiday promotions; Retail and PR gift boxes,"Structure: Book-style opening, drawer layout, custom shape, magnetic closure, ribbon pull, window display and product insert options.
Calendar Days: 12-day, 24-day, 25-day, 30-day or fully customized drawer quantity.
Materials: Rigid board, coated paper, textured paper, specialty paper, velvet-touch paper and FSC paper option.
Printing: CMYK printing, Pantone color matching, full custom artwork and seasonal pattern printing.
Finishing: Gold foil, silver foil, embossing, debossing, spot UV, soft-touch lamination, glitter effect and ribbon decoration.
Inserts: Paper insert, EVA insert, PET tray, acrylic window, product holder and compartment customization.",Structure development; Physical sample making; Printing and finishing; Hand assembly; Quality control; Export packing support.,Contact Lisa at info@slpack.net or WhatsApp +86 18818840878 for a custom quote.,AC-018_double-door-advent-calendar-box,image_01.jpg,
AC-019,Classic 24-Day Drawer Advent Calendar Box,classic-24-day-drawer-advent-calendar-box,Advent Calendar Boxes,Christmas Advent Calendar Boxes; Drawer Advent Calendar Boxes; Advent Calendar Gift Set,Perfume; Beauty; Skincare; Chocolate; Small Gift,Christmas; Holiday Campaign,Yes,Custom 24-Day Advent Calendar Box | Christmas Drawer Gift Packaging,"Custom 24-day advent calendar boxes for perfume, beauty, skincare, chocolate and small Christmas gift sets. Drawer layout, printing and finishing available.",Classic 24-Day Drawer Advent Calendar Box,"Classic 24-Day Drawer Advent Calendar Box is a custom advent calendar packaging solution for B2B buyers who need holiday gift set packaging for perfume, beauty, skincare, chocolate, small gift.","Classic 24-Day Drawer Advent Calendar Box is designed for brands that want a more memorable Christmas and holiday unboxing experience. It can be customized for perfume, beauty, skincare, chocolate and small gift products, with flexible drawer layouts, printed artwork and premium finishing options.","Custom Advent Calendar Structure: Designed with a 24-day / book-style / drawer structure to create a clear daily unboxing experience for seasonal campaigns.
Flexible Gift Set Use: Suitable for perfume samples, beauty minis, skincare products, chocolate, candles, jewelry, accessories and small gifts.
Christmas & Holiday Campaign Ready: Ideal for Christmas promotions, holiday gift sets, limited editions, retail displays and influencer gifting.
Brand Customization: Size, artwork, drawer layout, color, logo, printing, foil stamping, inserts and opening method can be customized.
B2B Production Support: ShineleeBox supports structure development, sampling, printing, finishing, hand assembly, quality control and export packing.",Perfume gift sets; Beauty advent calendars; Skincare sample collections; Chocolate and candy gifts; Small gift campaigns; Christmas holiday promotions; Retail and PR gift boxes,"Structure: Book-style opening, drawer layout, custom shape, magnetic closure, ribbon pull, window display and product insert options.
Calendar Days: 12-day, 24-day, 25-day, 30-day or fully customized drawer quantity.
Materials: Rigid board, coated paper, textured paper, specialty paper, velvet-touch paper and FSC paper option.
Printing: CMYK printing, Pantone color matching, full custom artwork and seasonal pattern printing.
Finishing: Gold foil, silver foil, embossing, debossing, spot UV, soft-touch lamination, glitter effect and ribbon decoration.
Inserts: Paper insert, EVA insert, PET tray, acrylic window, product holder and compartment customization.",Structure development; Physical sample making; Printing and finishing; Hand assembly; Quality control; Export packing support.,Contact Lisa at info@slpack.net or WhatsApp +86 18818840878 for a custom quote.,AC-019_classic-24-day-drawer-advent-calendar-box,image_01.jpg,video_01.mp4
AC-020,Christmas Door Advent Calendar Box Collection,christmas-door-advent-calendar-box-collection,Advent Calendar Boxes,Christmas Advent Calendar Boxes; Custom Shape Advent Calendar Boxes; Advent Calendar Gift Set,Perfume; Beauty; Skincare; Chocolate; Small Gift,Christmas; Holiday Campaign,Yes,Custom Christmas Door Advent Calendar Boxes | Holiday Gift Set Packaging,"Custom Christmas door advent calendar boxes for perfume, beauty, skincare, chocolate and small holiday gift sets with custom structure options.",Christmas Door Advent Calendar Box Collection,"Christmas Door Advent Calendar Box Collection is a custom advent calendar packaging solution for B2B buyers who need holiday gift set packaging for perfume, beauty, skincare, chocolate, small gift.","Christmas Door Advent Calendar Box Collection is designed for brands that want a more memorable Christmas and holiday unboxing experience. It can be customized for perfume, beauty, skincare, chocolate and small gift products, with flexible drawer layouts, printed artwork and premium finishing options.","Custom Shape Structure: The book-style / arched / custom door structures design creates stronger shelf impact than standard rectangular calendar boxes.
Flexible Gift Set Use: Suitable for perfume samples, beauty minis, skincare products, chocolate, candles, jewelry, accessories and small gifts.
Christmas & Holiday Campaign Ready: Ideal for Christmas promotions, holiday gift sets, limited editions, retail displays and influencer gifting.
Brand Customization: Size, artwork, drawer layout, color, logo, printing, foil stamping, inserts and opening method can be customized.
B2B Production Support: ShineleeBox supports structure development, sampling, printing, finishing, hand assembly, quality control and export packing.",Perfume gift sets; Beauty advent calendars; Skincare sample collections; Chocolate and candy gifts; Small gift campaigns; Christmas holiday promotions; Retail and PR gift boxes,"Structure: Book-style opening, drawer layout, custom shape, magnetic closure, ribbon pull, window display and product insert options.
Calendar Days: 12-day, 24-day, 25-day, 30-day or fully customized drawer quantity.
Materials: Rigid board, coated paper, textured paper, specialty paper, velvet-touch paper and FSC paper option.
Printing: CMYK printing, Pantone color matching, full custom artwork and seasonal pattern printing.
Finishing: Gold foil, silver foil, embossing, debossing, spot UV, soft-touch lamination, glitter effect and ribbon decoration.
Inserts: Paper insert, EVA insert, PET tray, acrylic window, product holder and compartment customization.",Structure development; Physical sample making; Printing and finishing; Hand assembly; Quality control; Export packing support.,Contact Lisa at info@slpack.net or WhatsApp +86 18818840878 for a custom quote.,AC-020_christmas-door-advent-calendar-box-collection,image_01.jpg,video_01.mp4
AC-023,Gold Bar Advent Calendar Box,gold-bar-advent-calendar-box,Advent Calendar Boxes,Custom Shape Advent Calendar Boxes; Luxury Advent Calendar Boxes,Perfume; Beauty; Skincare; Chocolate; Small Gift,Christmas; Holiday Campaign,Yes,Custom Gold Bar Advent Calendar Box | Luxury Gift Set Packaging,"Custom gold bar advent calendar boxes for beauty, perfume, skincare, chocolate and small premium holiday gift sets with luxury display structure.",Gold Bar Advent Calendar Box,"Gold Bar Advent Calendar Box is a custom advent calendar packaging solution for B2B buyers who need holiday gift set packaging for perfume, beauty, skincare, chocolate, small gift.","Gold Bar Advent Calendar Box is designed for brands that want a more memorable Christmas and holiday unboxing experience. It can be customized for perfume, beauty, skincare, chocolate and small gift products, with flexible drawer layouts, printed artwork and premium finishing options.","Custom Shape Structure: The gold bar / folding / drawer display design creates stronger shelf impact than standard rectangular calendar boxes.
Flexible Gift Set Use: Suitable for perfume samples, beauty minis, skincare products, chocolate, candles, jewelry, accessories and small gifts.
Christmas & Holiday Campaign Ready: Ideal for Christmas promotions, holiday gift sets, limited editions, retail displays and influencer gifting.
Brand Customization: Size, artwork, drawer layout, color, logo, printing, foil stamping, inserts and opening method can be customized.
B2B Production Support: ShineleeBox supports structure development, sampling, printing, finishing, hand assembly, quality control and export packing.",Perfume gift sets; Beauty advent calendars; Skincare sample collections; Chocolate and candy gifts; Small gift campaigns; Christmas holiday promotions; Retail and PR gift boxes,"Structure: Book-style opening, drawer layout, custom shape, magnetic closure, ribbon pull, window display and product insert options.
Calendar Days: 12-day, 24-day, 25-day, 30-day or fully customized drawer quantity.
Materials: Rigid board, coated paper, textured paper, specialty paper, velvet-touch paper and FSC paper option.
Printing: CMYK printing, Pantone color matching, full custom artwork and seasonal pattern printing.
Finishing: Gold foil, silver foil, embossing, debossing, spot UV, soft-touch lamination, glitter effect and ribbon decoration.
Inserts: Paper insert, EVA insert, PET tray, acrylic window, product holder and compartment customization.",Structure development; Physical sample making; Printing and finishing; Hand assembly; Quality control; Export packing support.,Contact Lisa at info@slpack.net or WhatsApp +86 18818840878 for a custom quote.,AC-023_gold-bar-advent-calendar-box,image_01.jpg,
AC-025,Perfume Bottle Advent Calendar Box,perfume-bottle-advent-calendar-box,Advent Calendar Boxes,Perfume Advent Calendar Boxes; Beauty Advent Calendar Boxes; Advent Calendar Gift Set,Perfume; Beauty; Skincare; Chocolate; Small Gift,Christmas; Holiday Campaign,Yes,Custom Perfume Bottle Advent Calendar Box | Fragrance Gift Set Packaging,"Custom perfume bottle advent calendar boxes for fragrance, beauty, skincare, chocolate and small Christmas gift sets. Custom shape, drawers and printing.",Perfume Bottle Advent Calendar Box,"Perfume Bottle Advent Calendar Box is a custom advent calendar packaging solution for B2B buyers who need holiday gift set packaging for perfume, beauty, skincare, chocolate, small gift.","Perfume Bottle Advent Calendar Box is designed for brands that want a more memorable Christmas and holiday unboxing experience. It can be customized for perfume, beauty, skincare, chocolate and small gift products, with flexible drawer layouts, printed artwork and premium finishing options.","Custom Shape Structure: The perfume bottle shape / drawer / display design creates stronger shelf impact than standard rectangular calendar boxes.
Flexible Gift Set Use: Suitable for perfume samples, beauty minis, skincare products, chocolate, candles, jewelry, accessories and small gifts.
Christmas & Holiday Campaign Ready: Ideal for Christmas promotions, holiday gift sets, limited editions, retail displays and influencer gifting.
Brand Customization: Size, artwork, drawer layout, color, logo, printing, foil stamping, inserts and opening method can be customized.
B2B Production Support: ShineleeBox supports structure development, sampling, printing, finishing, hand assembly, quality control and export packing.",Perfume gift sets; Beauty advent calendars; Skincare sample collections; Chocolate and candy gifts; Small gift campaigns; Christmas holiday promotions; Retail and PR gift boxes,"Structure: Book-style opening, drawer layout, custom shape, magnetic closure, ribbon pull, window display and product insert options.
Calendar Days: 12-day, 24-day, 25-day, 30-day or fully customized drawer quantity.
Materials: Rigid board, coated paper, textured paper, specialty paper, velvet-touch paper and FSC paper option.
Printing: CMYK printing, Pantone color matching, full custom artwork and seasonal pattern printing.
Finishing: Gold foil, silver foil, embossing, debossing, spot UV, soft-touch lamination, glitter effect and ribbon decoration.
Inserts: Paper insert, EVA insert, PET tray, acrylic window, product holder and compartment customization.",Structure development; Physical sample making; Printing and finishing; Hand assembly; Quality control; Export packing support.,Contact Lisa at info@slpack.net or WhatsApp +86 18818840878 for a custom quote.,AC-025_perfume-bottle-advent-calendar-box,image_01.jpg,
AC-027,Music Vinyl Player Advent Calendar Box,music-vinyl-player-advent-calendar-box,Advent Calendar Boxes,Music Advent Calendar Boxes; Interactive Packaging; Advent Calendar Gift Set,Perfume; Beauty; Skincare; Chocolate; Small Gift,Christmas; Holiday Campaign,Yes,Custom Music Advent Calendar Box | Vinyl Player Gift Set Packaging,"Custom music advent calendar boxes with vinyl-player style structure for perfume, beauty, skincare, chocolate and small holiday gift sets.",Music Vinyl Player Advent Calendar Box,"Music Vinyl Player Advent Calendar Box is a custom advent calendar packaging solution for B2B buyers who need holiday gift set packaging for perfume, beauty, skincare, chocolate, small gift.","Music Vinyl Player Advent Calendar Box is designed for brands that want a more memorable Christmas and holiday unboxing experience. It can be customized for perfume, beauty, skincare, chocolate and small gift products, with flexible drawer layouts, printed artwork and premium finishing options.","Custom Advent Calendar Structure: Designed with a music box / vinyl player / drawer structure to create a clear daily unboxing experience for seasonal campaigns.
Flexible Gift Set Use: Suitable for perfume samples, beauty minis, skincare products, chocolate, candles, jewelry, accessories and small gifts.
Christmas & Holiday Campaign Ready: Ideal for Christmas promotions, holiday gift sets, limited editions, retail displays and influencer gifting.
Brand Customization: Size, artwork, drawer layout, color, logo, printing, foil stamping, inserts and opening method can be customized.
B2B Production Support: ShineleeBox supports structure development, sampling, printing, finishing, hand assembly, quality control and export packing.",Perfume gift sets; Beauty advent calendars; Skincare sample collections; Chocolate and candy gifts; Small gift campaigns; Christmas holiday promotions; Retail and PR gift boxes,"Structure: Book-style opening, drawer layout, custom shape, magnetic closure, ribbon pull, window display and product insert options.
Calendar Days: 12-day, 24-day, 25-day, 30-day or fully customized drawer quantity.
Materials: Rigid board, coated paper, textured paper, specialty paper, velvet-touch paper and FSC paper option.
Printing: CMYK printing, Pantone color matching, full custom artwork and seasonal pattern printing.
Finishing: Gold foil, silver foil, embossing, debossing, spot UV, soft-touch lamination, glitter effect and ribbon decoration.
Inserts: Paper insert, EVA insert, PET tray, acrylic window, product holder and compartment customization.",Structure development; Physical sample making; Printing and finishing; Hand assembly; Quality control; Export packing support.,Contact Lisa at info@slpack.net or WhatsApp +86 18818840878 for a custom quote.,AC-027_music-vinyl-player-advent-calendar-box,image_01.jpg,video_01.mp4
AC-028,LED Perfume Advent Calendar Box,led-perfume-advent-calendar-box,Advent Calendar Boxes,Perfume Advent Calendar Boxes; Beauty Advent Calendar Boxes; LED Advent Calendar Boxes; Advent Calendar Gift Set,Perfume; Beauty; Skincare; Chocolate; Small Gift,Christmas; Holiday Campaign,Yes,Custom LED Perfume Advent Calendar Box | Beauty Gift Set Packaging,"Custom LED perfume advent calendar boxes for fragrance, beauty, skincare, chocolate and Christmas gift set campaigns. Custom lighting, drawers and printing.",LED Perfume Advent Calendar Box,"LED Perfume Advent Calendar Box is a custom advent calendar packaging solution for B2B buyers who need holiday gift set packaging for perfume, beauty, skincare, chocolate, small gift.","LED Perfume Advent Calendar Box is designed for brands that want a more memorable Christmas and holiday unboxing experience. It can be customized for perfume, beauty, skincare, chocolate and small gift products, with flexible drawer layouts, printed artwork and premium finishing options.","Custom Advent Calendar Structure: Designed with a led light / display window / drawer structure to create a clear daily unboxing experience for seasonal campaigns.
Flexible Gift Set Use: Suitable for perfume samples, beauty minis, skincare products, chocolate, candles, jewelry, accessories and small gifts.
Christmas & Holiday Campaign Ready: Ideal for Christmas promotions, holiday gift sets, limited editions, retail displays and influencer gifting.
Brand Customization: Size, artwork, drawer layout, color, logo, printing, foil stamping, inserts and opening method can be customized.
B2B Production Support: ShineleeBox supports structure development, sampling, printing, finishing, hand assembly, quality control and export packing.",Perfume gift sets; Beauty advent calendars; Skincare sample collections; Chocolate and candy gifts; Small gift campaigns; Christmas holiday promotions; Retail and PR gift boxes,"Structure: Book-style opening, drawer layout, custom shape, magnetic closure, ribbon pull, window display and product insert options.
Calendar Days: 12-day, 24-day, 25-day, 30-day or fully customized drawer quantity.
Materials: Rigid board, coated paper, textured paper, specialty paper, velvet-touch paper and FSC paper option.
Printing: CMYK printing, Pantone color matching, full custom artwork and seasonal pattern printing.
Finishing: Gold foil, silver foil, embossing, debossing, spot UV, soft-touch lamination, glitter effect and ribbon decoration.
Inserts: Paper insert, EVA insert, PET tray, acrylic window, product holder and compartment customization.",Structure development; Physical sample making; Printing and finishing; Hand assembly; Quality control; Export packing support.,Contact Lisa at info@slpack.net or WhatsApp +86 18818840878 for a custom quote.,AC-028_led-perfume-advent-calendar-box,image_01.jpg,
