"Product Title","Main Selling Points / Key Features","Custom Options","Product Description","High-resolution Product Image URLs","Minimum Order Quantity (MOQ)","Pricing"
"Tayammum Pad Corrugated Board Type with Dust for Dry Ablution Embossing Printing Handling Paper Boxes for Stamping","• Durable Corrugated Board Material: Ensures strong pressure resistance and protection.
• Customized Size & Logo: Enhances brand presentation with tailored fit.
• Highly Portable: Compact, light-weight, and easy to pack in a travel bag without taking up space.
• Purpose-Built: Designed specifically for the Islamic act of Tayammum (dry ablution) when water is unavailable or cannot be used.
• Complete Kit: Includes dry earth/dust for dry ablution, beautifully packed.","• Materials: Corrugated Board, Paper Board, Paperboard (Liner)
• Sizes: 20*18*8 cm (Customizable size accepted)
• Thickness: 2 mm
• Logo & Pattern: Customizable logo/pattern (Min. Order: 500 pieces)
• Color: CMYK, Customizable Design
• Logo Printing: Hot stamping, Four-Color Printing, UV Printing
• Handling: Matt/Glossy Lamination, Varnishing, Stamping, Embossing, UV Coating, Gold Foil
• Accessories: Ribbon
• Key Feature: Recyclable","Tayammum is an Arabic word and is an Islamic act meaning to purify yourself without water. Performable when clean water is not available or user suffers from a condition where they cannot use water.

Conditions for Dry Ablution:
• Prayer time has started.
• Sufficient water is not available for ritual washing (ghusal) or wudu.

Method of Tayammum:
1. Keep fingers wide open, hit clean earth once with palms of both hands.
2. Blow both hands and wipe your face.
3. Wipe your right hand with left hand, then left hand with right hand up to wrist.

Features of Tayammum Boxes:
• Available in beautiful packing in two sizes.
• Light-weight, handy, and easy to carry in journey bags.

This box contains clean earth / dust (Pak Matti) specified by Islamic scholars for dry ablution.","https://s.alicdn.com/@sc04/kf/H043bda759c7648b3860f5f2ffdb76f48A.png_960x960q80.jpg; https://s.alicdn.com/@sc04/kf/H3e94d7a60ccc43d9acb1fd22dc34585cu.png_960x960q80.jpg; https://s.alicdn.com/@sc04/kf/Ha5afc4f6409a430296da9a6e757115a0b.png_960x960q80.jpg; https://s.alicdn.com/@sc04/kf/H6c8cd48e9acc41629dc47d424ddb3785h.png_960x960q80.jpg; https://s.alicdn.com/@sc04/kf/H1666b4951fe0495b8444dbb4e0314b1dX.png_960x960q80.jpg","1,000 pieces (500 pieces for customized logo/pattern)","$0.79 - $1.90"
