Page,URL/Slug,Primary Keyword,SEO Title,Meta Description,H1,Priority,Action
Home,/index.html,custom gift boxes manufacturer,Custom Gift Boxes Manufacturer | Advent Calendar & Luxury Packaging | ShineleeBox,"Custom advent calendar boxes, luxury rigid gift boxes, cosmetic, chocolate, wine and interactive packaging from a B2B manufacturer. MOQ from 50 pcs.",Custom Advent Calendar & Luxury Gift Packaging Manufacturer,High,Rebuild hero and section order
Advent Calendar Boxes,/products/advent-calendar-boxes.html,custom advent calendar boxes,Custom Advent Calendar Boxes Manufacturer | Luxury Gift Set Packaging,"Custom advent calendar boxes for beauty, perfume, skincare, chocolate and gift brands. Factory-direct manufacturer with low MOQ, custom inserts, LED and music options.",Custom Advent Calendar Boxes Manufacturer,High,Keep as main SEO landing page
Rigid Gift Boxes,/products/rigid-boxes.html,custom rigid boxes,Custom Rigid Gift Boxes Manufacturer | Luxury Paper Packaging,"Factory-direct custom rigid gift boxes with magnetic, drawer, lid-and-base, round, suitcase and custom shape structures for premium brands.",Custom Rigid Gift Boxes Manufacturer,High,Clean category and add structure links
Magnetic Gift Boxes,/products/rigid-boxes/magnetic-gift-boxes.html,custom magnetic gift boxes,Custom Magnetic Gift Boxes Manufacturer | Premium Magnetic Closure Boxes,"Custom magnetic gift boxes for cosmetics, perfume, chocolate, jewelry and corporate gifts. Factory-direct rigid packaging with premium finishing and inserts.",Custom Magnetic Gift Boxes Manufacturer,High,Keep only true magnetic closure boxes
Drawer Gift Boxes,/products/rigid-boxes/drawer-gift-boxes.html,custom drawer gift boxes,Custom Drawer Gift Boxes Manufacturer | Sliding Rigid Packaging,"Custom drawer gift boxes for beauty, jewelry, perfume, chocolate and gift set packaging. Premium sliding structure with custom inserts and finishing.",Custom Drawer Gift Boxes Manufacturer,High,Add products and supplemental images
Round Gift Boxes,/products/rigid-boxes/round-gift-boxes.html,custom round gift boxes,Custom Round Gift Boxes Manufacturer | Cylinder Paper Gift Boxes,"Custom round gift boxes and cylinder rigid packaging for perfume, candles, chocolate, flowers and premium gift products.",Custom Round Gift Boxes Manufacturer,Medium,Remove non-round religious items
Suitcase Gift Boxes,/products/rigid-boxes/suitcase-gift-boxes.html,custom suitcase gift boxes,Custom Suitcase Gift Boxes Manufacturer | Travel Themed Gift Packaging,"Custom suitcase gift boxes with handles and travel-inspired details for beauty, kids gifts, souvenirs and premium retail campaigns.",Custom Suitcase Gift Boxes Manufacturer,Medium,Remove standard advent calendar products
Interactive Packaging,/products/interactive-packaging.html,custom video gift box,"Custom Interactive Packaging Boxes | Video, Music & LED Gift Boxes","Custom video gift boxes, music boxes and LED packaging for brands that want memorable unboxing experiences and high-value gift campaigns.","Custom Interactive Packaging Boxes with Video, Music and LED Lights",High,Feature video/music/LED only
Beauty Application,/applications/beauty-perfume-personal-care-packaging.html,custom cosmetic gift boxes,Custom Beauty & Perfume Packaging | Cosmetic Gift Box Manufacturer,"Custom cosmetic gift boxes, perfume packaging, skincare gift sets and beauty PR boxes for premium brands. Low MOQ and custom structure support.",Custom Beauty & Perfume Packaging,High,Fix low contrast banner
Chocolate & Food,/applications/chocolate-and-food-packaging.html,custom chocolate gift boxes,Custom Chocolate & Food Packaging | Dessert Gift Box Manufacturer,"Custom chocolate boxes, dessert gift boxes, date packaging, bakery boxes and mooncake packaging for premium food brands.",Custom Chocolate & Food Packaging,Medium,Organize food categories
Wine & Liquor,/applications/wine-liquor-packaging.html,custom wine boxes,Custom Wine Boxes & Liquor Gift Packaging Manufacturer,"Custom wine boxes, liquor gift packaging and premium rigid bottle boxes for brands, corporate gifts and holiday campaigns.",Custom Wine Boxes & Liquor Gift Packaging,Medium,Add new application page
