No.,Publish Date,CN Category,EN Category,Blog Title,Primary Keyword,URL Slug,Internal Link To,Publish Note
1,2026-07-17,化妆品套盒,Cosmetic & Beauty Gift Set Packaging,How to Design Custom Cosmetic Gift Boxes for Beauty Brands,custom cosmetic gift boxes,/how-to-design-custom-cosmetic-gift-boxes-for-beauty-brands/,/custom-cosmetic-gift-boxes/,"Schedule, do not publish all at once"
2,2026-07-20,化妆品套盒,Cosmetic & Beauty Gift Set Packaging,Cosmetic PR Box Packaging: What Beauty Brands Should Prepare Before Sampling,cosmetic PR box packaging,/cosmetic-pr-box-packaging-what-beauty-brands-should-prepare-before-sampling/,/custom-cosmetic-gift-boxes/,"Schedule, do not publish all at once"
3,2026-07-23,化妆品套盒,Cosmetic & Beauty Gift Set Packaging,Magnetic Cosmetic Gift Boxes vs Drawer Cosmetic Boxes,magnetic cosmetic gift box; drawer cosmetic gift box,/magnetic-cosmetic-gift-boxes-vs-drawer-cosmetic-boxes/,/custom-cosmetic-gift-boxes/,"Schedule, do not publish all at once"
4,2026-07-26,化妆品套盒,Cosmetic & Beauty Gift Set Packaging,Custom Skincare Gift Set Packaging Guide for Product Launches,custom skincare gift set packaging,/custom-skincare-gift-set-packaging-guide-for-product-launches/,/custom-cosmetic-gift-boxes/,"Schedule, do not publish all at once"
5,2026-07-29,化妆品套盒,Cosmetic & Beauty Gift Set Packaging,How to Choose Inserts for Cosmetic Gift Set Packaging,cosmetic box with insert,/how-to-choose-inserts-for-cosmetic-gift-set-packaging/,/custom-cosmetic-gift-boxes/,"Schedule, do not publish all at once"
6,2026-08-01,化妆品套盒,Cosmetic & Beauty Gift Set Packaging,Luxury Cosmetic Packaging Boxes: Finishing Options for Premium Brands,luxury cosmetic packaging boxes,/luxury-cosmetic-packaging-boxes-finishing-options-for-premium-brands/,/custom-cosmetic-gift-boxes/,"Schedule, do not publish all at once"
7,2026-08-04,中高档甜品盒,Chocolate & Dessert Gift Boxes,Custom Chocolate Gift Boxes: A Packaging Guide for Premium Food Brands,custom chocolate gift boxes,/custom-chocolate-gift-boxes-a-packaging-guide-for-premium-food-brands/,/custom-chocolate-dessert-gift-boxes/,"Schedule, do not publish all at once"
8,2026-08-07,中高档甜品盒,Chocolate & Dessert Gift Boxes,How to Design Luxury Dessert Gift Box Packaging for Retail and Gifting,custom dessert gift box packaging,/how-to-design-luxury-dessert-gift-box-packaging-for-retail-and-gifting/,/custom-chocolate-dessert-gift-boxes/,"Schedule, do not publish all at once"
9,2026-08-10,中高档甜品盒,Chocolate & Dessert Gift Boxes,Custom Date Gift Boxes for Ramadan and Eid Gift Sets,custom date gift box packaging,/custom-date-gift-boxes-for-ramadan-and-eid-gift-sets/,/custom-chocolate-dessert-gift-boxes/,"Schedule, do not publish all at once"
10,2026-08-13,中高档甜品盒,Chocolate & Dessert Gift Boxes,Drawer Chocolate Box vs Lid and Base Chocolate Box,drawer chocolate box,/drawer-chocolate-box-vs-lid-and-base-chocolate-box/,/custom-chocolate-dessert-gift-boxes/,"Schedule, do not publish all at once"
11,2026-08-16,中高档甜品盒,Chocolate & Dessert Gift Boxes,"Custom Mooncake Gift Boxes: Materials, Inserts and Finishing Options",custom mooncake gift box,/custom-mooncake-gift-boxes-materials-inserts-and-finishing-options/,/custom-chocolate-dessert-gift-boxes/,"Schedule, do not publish all at once"
12,2026-08-19,中高档甜品盒,Chocolate & Dessert Gift Boxes,Food Grade Gift Box Packaging: What Brands Should Know,food grade gift box packaging,/food-grade-gift-box-packaging-what-brands-should-know/,/custom-chocolate-dessert-gift-boxes/,"Schedule, do not publish all at once"
13,2026-08-22,声光电盒,"Interactive Video, Music & LED Packaging",Custom Video Gift Boxes: How Brands Use Screen Packaging for Premium Gifts,custom video gift box,/custom-video-gift-boxes-how-brands-use-screen-packaging-for-premium-gifts/,/custom-interactive-packaging-boxes/,"Schedule, do not publish all at once"
14,2026-08-25,声光电盒,"Interactive Video, Music & LED Packaging","Custom Music Gift Box Packaging for Perfume, Beauty and Keepsake Products",custom music gift box packaging,/custom-music-gift-box-packaging-for-perfume-beauty-and-keepsake-products/,/custom-interactive-packaging-boxes/,"Schedule, do not publish all at once"
15,2026-08-28,声光电盒,"Interactive Video, Music & LED Packaging",LED Gift Box Packaging: How Light-Up Boxes Improve Unboxing,LED gift box packaging,/led-gift-box-packaging-how-light-up-boxes-improve-unboxing/,/custom-interactive-packaging-boxes/,"Schedule, do not publish all at once"
16,2026-09-03,声光电盒,"Interactive Video, Music & LED Packaging",Video Box Packaging for Brand Promotion and Corporate Gifts,video box packaging,/video-box-packaging-for-brand-promotion-and-corporate-gifts/,/custom-interactive-packaging-boxes/,"Schedule, do not publish all at once"
17,2026-09-06,声光电盒,"Interactive Video, Music & LED Packaging","How to Add Sound, Light or Video Modules to Rigid Gift Boxes",sound module gift box,/how-to-add-sound-light-or-video-modules-to-rigid-gift-boxes/,/custom-interactive-packaging-boxes/,"Schedule, do not publish all at once"
18,2026-09-09,酒盒,Wine & Liquor Gift Boxes,Custom Wine Boxes: A Guide for Premium Beverage Brands,custom wine boxes,/custom-wine-boxes-a-guide-for-premium-beverage-brands/,/custom-wine-boxes/,"Schedule, do not publish all at once"
19,2026-09-12,酒盒,Wine & Liquor Gift Boxes,"Luxury Wine Packaging Boxes: Magnetic, Drawer and Lid-and-Base Structures",luxury wine packaging boxes,/luxury-wine-packaging-boxes-magnetic-drawer-and-lid-and-base-structures/,/custom-wine-boxes/,"Schedule, do not publish all at once"
20,2026-09-15,酒盒,Wine & Liquor Gift Boxes,Single Bottle vs Double Bottle Wine Gift Boxes,single bottle wine gift box,/single-bottle-vs-double-bottle-wine-gift-boxes/,/custom-wine-boxes/,"Schedule, do not publish all at once"
21,2026-09-18,酒盒,Wine & Liquor Gift Boxes,"Custom Liquor Gift Box Packaging for Whiskey, Champagne and Spirits",custom liquor gift box packaging,/custom-liquor-gift-box-packaging-for-whiskey-champagne-and-spirits/,/custom-wine-boxes/,"Schedule, do not publish all at once"
22,2026-09-21,酒盒,Wine & Liquor Gift Boxes,Corporate Wine Gift Boxes for Holiday and Business Gifting,corporate wine gift box,/corporate-wine-gift-boxes-for-holiday-and-business-gifting/,/custom-wine-boxes/,"Schedule, do not publish all at once"
23,2026-09-24,酒盒,Wine & Liquor Gift Boxes,How to Choose Inserts for Wine Bottle Gift Boxes,wine box with insert,/how-to-choose-inserts-for-wine-bottle-gift-boxes/,/custom-wine-boxes/,"Schedule, do not publish all at once"
