Priority,CN Category,EN Category,Keyword Stage,Keyword,Target Page,Usage
1,日历盒,Custom Advent Calendar Boxes,Long-tail / high intent,custom advent calendar boxes for brands,/custom-advent-calendar-boxes/,Use in H2/product title/blog/article internal anchor
1,日历盒,Custom Advent Calendar Boxes,Long-tail / high intent,custom advent calendar packaging for business,/custom-advent-calendar-boxes/,Use in H2/product title/blog/article internal anchor
1,日历盒,Custom Advent Calendar Boxes,Long-tail / high intent,advent calendar box manufacturer,/custom-advent-calendar-boxes/,Use in H2/product title/blog/article internal anchor
1,日历盒,Custom Advent Calendar Boxes,Long-tail / high intent,advent calendar boxes wholesale,/custom-advent-calendar-boxes/,Use in H2/product title/blog/article internal anchor
1,日历盒,Custom Advent Calendar Boxes,Long-tail / high intent,low MOQ custom advent calendar boxes,/custom-advent-calendar-boxes/,Use in H2/product title/blog/article internal anchor
1,日历盒,Custom Advent Calendar Boxes,Long-tail / high intent,custom beauty advent calendar boxes,/custom-advent-calendar-boxes/,Use in H2/product title/blog/article internal anchor
1,日历盒,Custom Advent Calendar Boxes,Structure / application long-tail,custom perfume advent calendar box,/custom-advent-calendar-boxes/,Use in H2/product title/blog/article internal anchor
1,日历盒,Custom Advent Calendar Boxes,Structure / application long-tail,custom chocolate advent calendar boxes,/custom-advent-calendar-boxes/,Use in H2/product title/blog/article internal anchor
1,日历盒,Custom Advent Calendar Boxes,Structure / application long-tail,drawer advent calendar box,/custom-advent-calendar-boxes/,Use in H2/product title/blog/article internal anchor
1,日历盒,Custom Advent Calendar Boxes,Structure / application long-tail,LED advent calendar box,/custom-advent-calendar-boxes/,Use in H2/product title/blog/article internal anchor
1,日历盒,Custom Advent Calendar Boxes,Structure / application long-tail,music advent calendar box,/custom-advent-calendar-boxes/,Use in H2/product title/blog/article internal anchor
2,化妆品套盒,Cosmetic & Beauty Gift Set Packaging,Long-tail / high intent,custom cosmetic gift box manufacturer,/custom-cosmetic-gift-boxes/,Use in H2/product title/blog/article internal anchor
2,化妆品套盒,Cosmetic & Beauty Gift Set Packaging,Long-tail / high intent,custom cosmetic gift boxes wholesale,/custom-cosmetic-gift-boxes/,Use in H2/product title/blog/article internal anchor
2,化妆品套盒,Cosmetic & Beauty Gift Set Packaging,Long-tail / high intent,cosmetic PR box manufacturer,/custom-cosmetic-gift-boxes/,Use in H2/product title/blog/article internal anchor
2,化妆品套盒,Cosmetic & Beauty Gift Set Packaging,Long-tail / high intent,custom skincare gift set packaging,/custom-cosmetic-gift-boxes/,Use in H2/product title/blog/article internal anchor
2,化妆品套盒,Cosmetic & Beauty Gift Set Packaging,Long-tail / high intent,custom makeup gift box packaging,/custom-cosmetic-gift-boxes/,Use in H2/product title/blog/article internal anchor
2,化妆品套盒,Cosmetic & Beauty Gift Set Packaging,Long-tail / high intent,custom rigid cosmetic boxes,/custom-cosmetic-gift-boxes/,Use in H2/product title/blog/article internal anchor
2,化妆品套盒,Cosmetic & Beauty Gift Set Packaging,Structure / application long-tail,magnetic cosmetic gift box,/custom-cosmetic-gift-boxes/,Use in H2/product title/blog/article internal anchor
2,化妆品套盒,Cosmetic & Beauty Gift Set Packaging,Structure / application long-tail,drawer cosmetic gift box,/custom-cosmetic-gift-boxes/,Use in H2/product title/blog/article internal anchor
2,化妆品套盒,Cosmetic & Beauty Gift Set Packaging,Structure / application long-tail,cosmetic box with EVA insert,/custom-cosmetic-gift-boxes/,Use in H2/product title/blog/article internal anchor
3,中高档甜品盒,Chocolate & Dessert Gift Boxes,Long-tail / high intent,custom chocolate gift box manufacturer,/custom-chocolate-dessert-gift-boxes/,Use in H2/product title/blog/article internal anchor
3,中高档甜品盒,Chocolate & Dessert Gift Boxes,Long-tail / high intent,custom chocolate boxes wholesale,/custom-chocolate-dessert-gift-boxes/,Use in H2/product title/blog/article internal anchor
3,中高档甜品盒,Chocolate & Dessert Gift Boxes,Long-tail / high intent,custom dessert gift box packaging,/custom-chocolate-dessert-gift-boxes/,Use in H2/product title/blog/article internal anchor
3,中高档甜品盒,Chocolate & Dessert Gift Boxes,Long-tail / high intent,custom date gift box packaging,/custom-chocolate-dessert-gift-boxes/,Use in H2/product title/blog/article internal anchor
3,中高档甜品盒,Chocolate & Dessert Gift Boxes,Long-tail / high intent,custom mooncake gift box,/custom-chocolate-dessert-gift-boxes/,Use in H2/product title/blog/article internal anchor
3,中高档甜品盒,Chocolate & Dessert Gift Boxes,Long-tail / high intent,custom macaron gift box,/custom-chocolate-dessert-gift-boxes/,Use in H2/product title/blog/article internal anchor
3,中高档甜品盒,Chocolate & Dessert Gift Boxes,Structure / application long-tail,drawer chocolate box,/custom-chocolate-dessert-gift-boxes/,Use in H2/product title/blog/article internal anchor
3,中高档甜品盒,Chocolate & Dessert Gift Boxes,Structure / application long-tail,round chocolate gift box,/custom-chocolate-dessert-gift-boxes/,Use in H2/product title/blog/article internal anchor
3,中高档甜品盒,Chocolate & Dessert Gift Boxes,Structure / application long-tail,chocolate box with insert,/custom-chocolate-dessert-gift-boxes/,Use in H2/product title/blog/article internal anchor
3,中高档甜品盒,Chocolate & Dessert Gift Boxes,Structure / application long-tail,food grade gift box packaging supplier,/custom-chocolate-dessert-gift-boxes/,Use in H2/product title/blog/article internal anchor
4,声光电盒,"Interactive Video, Music & LED Packaging",Long-tail / high intent,custom video gift box manufacturer,/custom-interactive-packaging-boxes/,Use in H2/product title/blog/article internal anchor
4,声光电盒,"Interactive Video, Music & LED Packaging",Long-tail / high intent,custom video box packaging,/custom-interactive-packaging-boxes/,Use in H2/product title/blog/article internal anchor
4,声光电盒,"Interactive Video, Music & LED Packaging",Long-tail / high intent,custom LCD video gift box,/custom-interactive-packaging-boxes/,Use in H2/product title/blog/article internal anchor
4,声光电盒,"Interactive Video, Music & LED Packaging",Long-tail / high intent,custom music gift box packaging,/custom-interactive-packaging-boxes/,Use in H2/product title/blog/article internal anchor
4,声光电盒,"Interactive Video, Music & LED Packaging",Long-tail / high intent,custom sound module gift box,/custom-interactive-packaging-boxes/,Use in H2/product title/blog/article internal anchor
4,声光电盒,"Interactive Video, Music & LED Packaging",Long-tail / high intent,custom LED gift box packaging,/custom-interactive-packaging-boxes/,Use in H2/product title/blog/article internal anchor
4,声光电盒,"Interactive Video, Music & LED Packaging",Structure / application long-tail,light up gift box manufacturer,/custom-interactive-packaging-boxes/,Use in H2/product title/blog/article internal anchor
4,声光电盒,"Interactive Video, Music & LED Packaging",Structure / application long-tail,interactive advent calendar box,/custom-interactive-packaging-boxes/,Use in H2/product title/blog/article internal anchor
4,声光电盒,"Interactive Video, Music & LED Packaging",Structure / application long-tail,video box for brand promotion,/custom-interactive-packaging-boxes/,Use in H2/product title/blog/article internal anchor
5,酒盒,Wine & Liquor Gift Boxes,Long-tail / high intent,custom wine box manufacturer,/custom-wine-boxes/,Use in H2/product title/blog/article internal anchor
5,酒盒,Wine & Liquor Gift Boxes,Long-tail / high intent,custom wine boxes wholesale,/custom-wine-boxes/,Use in H2/product title/blog/article internal anchor
5,酒盒,Wine & Liquor Gift Boxes,Long-tail / high intent,luxury wine packaging boxes supplier,/custom-wine-boxes/,Use in H2/product title/blog/article internal anchor
5,酒盒,Wine & Liquor Gift Boxes,Long-tail / high intent,custom rigid wine box manufacturer,/custom-wine-boxes/,Use in H2/product title/blog/article internal anchor
5,酒盒,Wine & Liquor Gift Boxes,Long-tail / high intent,custom wine gift box packaging,/custom-wine-boxes/,Use in H2/product title/blog/article internal anchor
5,酒盒,Wine & Liquor Gift Boxes,Long-tail / high intent,custom magnetic wine box,/custom-wine-boxes/,Use in H2/product title/blog/article internal anchor
5,酒盒,Wine & Liquor Gift Boxes,Structure / application long-tail,custom drawer wine box,/custom-wine-boxes/,Use in H2/product title/blog/article internal anchor
5,酒盒,Wine & Liquor Gift Boxes,Structure / application long-tail,single bottle wine gift box,/custom-wine-boxes/,Use in H2/product title/blog/article internal anchor
5,酒盒,Wine & Liquor Gift Boxes,Structure / application long-tail,corporate wine gift box,/custom-wine-boxes/,Use in H2/product title/blog/article internal anchor
